,Tipo,Titulo,Año,Mes,Id
0,Short,Perdue de vue,1995,,tt7042224
1,TV Movie,Sheyal Debota Rahasya,1996,,tt6814204
2,Short,Southwest,1999,,tt6869360
3,Short,The Victim,2000,7.0,tt7428098
4,Short,"Marie-Madeleine,",2002,,tt5555410
5,Movie,Addi Tappaa,2005,,tt10100872
6,Movie,Andalus,2005,12.0,tt10137406
7,Movie,One piece: Omatsuri danshaku to himitsu no shima,2005,3.0,tt1018764
8,Short,Kristallportale,2006,10.0,tt0926094
9,Movie,Lion,2006,1.0,tt0928191
10,Short,The Silver Rope,2006,11.0,tt0929793
11,Short,Seul,2006,10.0,tt0929280
12,TV Movie,Number 13,2006,12.0,tt0934533
13,Movie,Liu hao chu kou,2007,5.0,tt0934427
14,Short,The Sled,2007,9.0,tt1119212
15,Short,Reflections,2007,10.0,tt1119664
16,Short,Voces,2007,10.0,tt1121108
17,Short,Kirksdale,2007,8.0,tt1121949
18,Short,The Truth About Faces,2007,10.0,tt1121974
19,Movie,Panama,2008,5.0,tt1338653
20,Movie,Aswang: A Journey Into Myth,2008,2.0,tt1339050
21,Short,Cowboy,2008,,tt1339071
22,Movie,7,2008,9.0,tt1339040
23,Movie,The Ceremony,2008,12.0,tt1339063
24,Movie,Sessions of the Mind,2008,9.0,tt1339166
25,Movie,Sunshine Away,2008,12.0,tt1339178
26,Short,A Brush with Murder,2008,10.0,tt1339532
27,Short,Pantomima,2008,6.0,tt1339672
28,Short,Where's Dookie Cannata?,2008,11.0,tt1340139
29,Short,A Noble Way,2008,8.0,tt1340600
30,Short,The Mystery of the Missing Matron,2008,10.0,tt1340599
31,Movie,Cellule 66,2008,11.0,tt1340560
32,Movie,The Chauffeur,2008,1.0,tt1340561
33,Short,Veracity: We All Shine On,2009,5.0,tt1480698
34,Movie,Accused at 17,2010,5.0,tt1480649
35,Short,Awaken,2009,7.0,tt1482383
36,Short,Encrucijada,2009,9.0,tt1482446
37,Movie,Kamisama herupu!,2010,8.0,tt1653881
38,Movie,Be-seu-teu-sel-leo,2010,4.0,tt1655617
39,Movie,Gôsuto,2010,11.0,tt1655400
40,TV Movie,Exposed,2011,3.0,tt1878932
41,Short,The Key to Annabel Lee,2011,4.0,tt1879072
42,Movie,I Have Loved,2011,9.0,tt1880230
43,Short,Save the Planet,2011,8.0,tt1880319
44,Movie,Hij,2011,6.0,tt1880220
45,Short,World's End,2012,12.0,tt2267848
46,Short,Ceaseless,2012,2.0,tt2268399
47,Short,You're Not Safe Here,2012,7.0,tt2269920
48,Short,Der letzte Regen,2012,8.0,tt2271289
49,Short,Palla al matt',2012,6.0,tt2270486
50,TV Movie,Nigaoe sôsakan 001 gô,2012,3.0,tt2271503
51,Short,The Telling,2013,6.0,tt2795608
52,Short,Specimen 0625c,2013,3.0,tt2797346
53,Short,Powrót,2013,6.0,tt2797786
54,Movie,Spirit Cabinet,2013,10.0,tt2800302
55,Short,Silent Spectrum,2013,9.0,tt2800486
56,Short,Return of the Body Snatchers,2013,4.0,tt2803236
57,Movie,The Lost Mantle of Elijah,2013,5.0,tt2805316
58,Short,Tierra escarlata,2013,2.0,tt2805550
59,Short,White Rabbit,2014,1.0,tt3521682
60,Short,Bad-Guy,2014,6.0,tt3521758
61,TV Movie,The Good Sister,2014,,tt3521746
62,Movie,The Ark of the Witch,2014,1.0,tt3522700
63,Short,Toybox,2014,10.0,tt3522414
64,Short,M is for Mobile,2014,10.0,tt3522368
65,Short,Cárcere Privado,2014,1.0,tt3525858
66,TV Movie,Status: Unknown,2014,2.0,tt3525764
67,Movie,A Rainy Day,2014,1.0,tt3527068
68,Short,Anti Cupido,2014,6.0,tt3524542
69,Movie,After the Third Bell,2014,4.0,tt3526430
70,Short,Tokyo Flow,2014,3.0,tt3527516
71,TV Movie,Lost Boy,2016,5.0,tt4355236
72,Short,Out of the Box,2015,,tt4355416
73,Movie,Pinku to gurê,2016,1.0,tt4360406
74,Short,Jacquerie,2015,5.0,tt4360490
75,Short,High Phantom Playback,2018,6.0,tt4360272
76,Short,Anomie,2015,10.0,tt4361078
77,Movie,Crumbs,2015,11.0,tt4362764
78,Short,The Mine,2015,5.0,tt4363260
79,TV Movie,Romantically Speaking,2015,4.0,tt4364862
80,Movie,DristiBhram,2015,1.0,tt4361472
81,Short,Visited,2015,1.0,tt4365184
82,Short,Velkommen til Paradis,2015,3.0,tt4365576
83,Movie,Die: Lianhua,2015,1.0,tt4365336
84,Movie,Death at the Christmas Tree Party,2016,12.0,tt5175332
85,Short,The Missing Knife,2016,,tt5177386
86,Movie,The Dead End,2016,11.0,tt5175604
87,Movie,Buster's Mal Heart,2017,5.0,tt5173032
88,Short,The Serene Heartache,2016,1.0,tt5177846
89,Short,Gridlock,2016,7.0,tt5180990
90,Short,Moretta,2016,2.0,tt5182126
91,Short,Sparte,2016,5.0,tt5183186
92,Movie,La verità sta in cielo,2016,10.0,tt5186860
93,Movie,Within Circles,2016,6.0,tt5187346
94,Movie,Aibô: Gekijô-ban IV,2017,2.0,tt5738264
95,Movie,The Moose Head Over the Mantel,2017,,tt5740994
96,Short,Flock,2017,3.0,tt5744330
97,Movie,Maze,2017,9.0,tt5752606
98,Short,Prophecy Eleven,2017,1.0,tt5751150
99,Movie,Small Town Crime,2018,1.0,tt5751998
100,Short,Light Drifter,2017,3.0,tt5755298
101,Movie,The Landing,2018,8.0,tt5754992
102,Short,Unbound,2017,,tt5767338
103,Movie,Kill 'Em All,2017,6.0,tt5767628
104,Short,Bandwidth,2017,6.0,tt5763122
105,Short,Shadow of Doubt,2017,8.0,tt5765148
106,Short,Hindsight,2017,7.0,tt5764848
107,Short,La Perla,2017,3.0,tt5773172
108,Short,The Veiled,2017,6.0,tt5779140
109,Movie,Disobeying the Laws of Sky Tyrants,2017,1.0,tt5777392
110,Movie,Resident Evil: Vendetta,2017,5.0,tt5776208
111,Movie,Making a Killing,2020,6.0,tt6116568
112,Short,He Didn't Even Leave a Note,2018,7.0,tt6125742
113,Short,Nasty,2018,11.0,tt6131682
114,Movie,Raakshas,2018,2.0,tt6133484
115,Short,On the Other Side,2018,,tt6132066
116,Movie,The Black String,2021,1.0,tt6141334
117,Movie,Distorted,2018,5.0,tt6143850
118,Movie,Open Wound: The Über-Movie,2018,4.0,tt6144410
119,Movie,Between the Trees,2019,3.0,tt6151048
120,Movie,Astro,2018,6.0,tt6156656
121,Movie,I Think We're Alone Now,2018,9.0,tt6169694
122,Movie,Unconditional,2018,6.0,tt6173418
123,Movie,Something,2019,3.0,tt6185266
124,Movie,La femme la plus assassinée du monde,2018,9.0,tt6186696
125,Movie,Ghostland,2018,5.0,tt6195094
126,Movie,Blindsided,2018,1.0,tt6205658
127,Movie,A Vigilante,2019,3.0,tt6211976
128,Movie,Apostle,2018,10.0,tt6217306
129,Movie,Perfect,2019,5.0,tt6222286
130,Movie,Pledge,2019,4.0,tt6220752
131,Movie,Boarding School,2018,8.0,tt6224502
132,Movie,Lampor: Keranda Terbang,2019,10.0,tt10698426
133,Short,Daddy,2019,2.0,tt10699198
134,Short,Exile,2019,7.0,tt10702346
135,Short,A la bibliothèque,2019,5.0,tt10707200
136,Movie,Afflatus,2019,7.0,tt10706724
137,Movie,Game Over,2019,7.0,tt10709060
138,Movie,Anonymous Vol. 1 - The Dreamland Adventures the Mysteries of Atlantis,2020,2.0,tt12059646
139,Short,Join Us,2020,3.0,tt12061308
140,Movie,Cecily and Lydia at the Waypoint,2020,12.0,tt12064142
141,Short,Doris,2020,5.0,tt12070504
142,Short,COVID-19 ; E.I.N.S.: E.scape I.nto N.ature S.pace,2020,3.0,tt12076472
143,Short,Shadowed,2020,4.0,tt12076272
144,Short,Den Japanska Illusionen,2021,,tt14130708
145,Short,Telestesia,2021,10.0,tt14143006
146,Short,I Said,2021,2.0,tt14142872
147,Movie,Bannerghatta,2021,7.0,tt14142640
148,Short,The Quiet Light of the Midnight Cold,2022,3.0,tt18569630
149,Short,Desvío,2022,3.0,tt18570540
150,Short,F,2022,5.0,tt18573810
151,Short,The Turn Ahead,2022,1.0,tt18673794
152,Movie,Maksym Osa,2022,10.0,tt18688348
153,Short,Sight,2023,1.0,tt27215062
154,Short,Agents of Change: Project Polymer,2023,3.0,tt27235287
155,Movie,Khitrovka. The Sign of Four,2023,5.0,tt27241513
156,Short,Sight,2023,1.0,tt27236215
157,TV Movie,Der Wien-Krimi: Blind ermittelt - Tod an der Donau,2023,4.0,tt27251096
158,Movie,Marne Ke Dar Se Mere Dil,2023,3.0,tt27250288
159,Short,Red Wine,2023,11.0,tt27250168
160,Movie,Magna Lacerta,2023,3.0,tt27262238
