,Unnamed: 0,Tipo,Titulo,Año,Mes,Id,generos
0,0,Movie,Las Travesuras de Super Chido,1990.0,10.0,tt0320656,Action
1,1,Movie,Velai Kidaichiruchu,1990.0,8.0,tt0318803,Action
2,2,Movie,Sor Batalla,1990.0,8.0,tt0320503,Action
3,3,Movie,Azaad Desh Ke Gulam,1990.0,4.0,tt0330019,Action
4,4,Movie,Suo ming fei dao,1991.0,11.0,tt0348147,Action
5,5,Movie,Contreras Gang,1991.0,12.0,tt0349237,Action
6,6,Movie,Pitong Gamol,1991.0,,tt0349971,Action
7,7,Movie,Jiang hu ba mian feng,1991.0,,tt0351141,Action
8,8,Movie,Sarphira,1992.0,4.0,tt0344301,Action
9,9,Movie,Alyas Lakay,1992.0,11.0,tt0344816,Action
10,10,Movie,Santo: la leyenda del enmascarado de plata,1993.0,11.0,tt0330855,Action
11,11,Movie,La sangre de un valiente,1993.0,5.0,tt0334294,Action
12,12,Movie,Young-guwa gongryong Zzu-Zzu,1993.0,7.0,tt0334765,Action
13,13,Movie,Que me entierren con la banda,1994.0,3.0,tt0285962,Action
14,14,Movie,Elaan,1994.0,1.0,tt0290183,Action
15,15,Movie,Hum Hain Bemisaal,1994.0,12.0,tt0290213,Action
16,16,Movie,Cesta peklem,1995.0,5.0,tt0277621,Action
17,17,Movie,Maanthrikam,1995.0,1.0,tt0280889,Action
18,18,Short,End of the Line,1996.0,8.0,tt0285543,Action
19,19,Movie,Lone Tiger,1996.0,7.0,tt0285680,Action
20,20,Movie,Diljale,1996.0,9.0,tt0286593,Action
21,21,Movie,Kôshoku kunoichi ninpô-chô: Vâjin sunaipâ - bishôjo yôma-den,1997.0,10.0,tt0288305,Action
22,22,TV Movie,Terrain,1997.0,12.0,tt0288841,Action
23,23,Movie,Daava,1997.0,7.0,tt0289685,Action
24,24,Movie,Varnapakittu,1997.0,4.0,tt0290098,Action
25,25,Movie,Kudrat,1998.0,12.0,tt0286772,Action
26,26,Movie,Achanak,1998.0,6.0,tt0286421,Action
27,27,Movie,Salaakhen,1998.0,4.0,tt0286936,Action
28,28,Movie,Angaaray,1998.0,7.0,tt0288427,Action
29,29,Short,A Waiter Tomorrow,1998.0,3.0,tt0289611,Action
30,30,Movie,Ispanska muha,1998.0,1.0,tt0290674,Action
31,31,TV Movie,NASCAR Racers: The Movie,1999.0,11.0,tt0278580,Action
32,32,Movie,Ostatnia misja,2000.0,3.0,tt0281019,Action
33,33,Movie,Anakiseuteu Anarchists,2000.0,4.0,tt0280427,Action
34,34,Movie,High Adventure,2001.0,8.0,tt0295989,Action
35,35,Movie,"Death, Deceit & Destiny Aboard the Orient Express",2001.0,9.0,tt0295925,Action
36,36,Movie,Kyo Kii... Main Jhuth Nahin Bolta,2001.0,9.0,tt0297241,Action
37,37,Movie,Virtualna stvarnost,2001.0,10.0,tt0296919,Action
38,38,Movie,Ravanaprabhu,2001.0,8.0,tt0298514,Action
39,39,TV Movie,ReBoot: My Two Bobs,2001.0,11.0,tt0298515,Action
40,40,Movie,Waah! Tera Kya Kehna,2002.0,11.0,tt0339878,Action
41,41,Movie,Wolves of Wall Street,2002.0,12.0,tt0339918,Action
42,42,Movie,Masuuruhiito,2002.0,10.0,tt0340227,Action
43,43,Movie,Khadgam,2002.0,11.0,tt0339252,Action
44,44,TV Movie,Epoch: Evolution,2003.0,11.0,tt0374286,Action
45,45,Movie,De zaak Alzheimer,2004.0,4.0,tt0374345,Action
46,46,Short,Batman: Dead End,2003.0,7.0,tt0374526,Action
47,47,TV Short,Den sorte celle,2003.0,7.0,tt0374228,Action
48,48,Movie,Dai zek lo,2003.0,9.0,tt0374184,Action
49,49,Movie,Tere Naam,2003.0,8.0,tt0374271,Action
50,50,Movie,Shikaar,2004.0,7.0,tt0420175,Action
51,51,Short,World's Finest,2004.0,7.0,tt0420324,Action
52,52,Movie,Camp X-Ray: Ghosts of Guantánamo Bay,2004.0,9.0,tt0418587,Action
53,53,Movie,"Chot [Aaj Isko, Kal Tereko]",2004.0,6.0,tt0418598,Action
54,54,Short,Even If It's Wrong,2004.0,4.0,tt0419736,Action
55,55,Movie,Tiempo de valientes,2005.0,9.0,tt0462570,Action
56,56,Movie,Seung ji san tau,2007.0,2.0,tt0934949,Action
57,57,TV Movie,The Cutting Edge 3: Chasing the Dream,2008.0,3.0,tt1110626,Action
58,58,Movie,Heroes,2008.0,10.0,tt1114725,Action
59,59,TV Movie,Phoo Action,2008.0,2.0,tt1116185,Action
60,60,Movie,Bonnie & Clyde vs. Dracula,2011.0,3.0,tt1117379,Action
61,61,Movie,La hora cero,2010.0,10.0,tt1322302,Action
62,62,Movie,Ascension 2,2012.0,4.0,tt12731590,Action
63,63,Short,Revirements Fatals (V.F. de Deadly Twists),2012.0,8.0,tt12737858,Action
64,64,Movie,USS Seaviper,2020.0,11.0,tt1274596,Action
65,65,Movie,The Life Kung-Fu,2012.0,2.0,tt12747740,Action
66,66,Movie,Looper,2012.0,11.0,tt1276104,Action
67,67,Movie,Supernatural Swamp Slaughter,2012.0,5.0,tt1277403,Action
68,68,TV Movie,Los 3 gallos Michoacanos,2013.0,10.0,tt11294796,Action
69,69,Movie,Fuck Duissan,2013.0,9.0,tt11372090,Action
70,70,Short,Wrony,2013.0,7.0,tt11423922,Action
71,71,Short,Under the cage,2013.0,6.0,tt11428282,Action
72,72,Short,Ode to the Warriors,2013.0,11.0,tt11447774,Action
73,73,Movie,"Boonie Bears, to the Rescue!",2014.0,1.0,tt3564806,Action
74,74,Short,The Floor Whisper,2017.0,3.0,tt10307720,Action
75,75,Short,Metal Gear Solid: A New Divide,2017.0,8.0,tt10305124,Action
76,76,Short,Deprivation,2019.0,5.0,tt10080934,Action
77,77,Short,Small Gains,2020.0,,tt10955374,Action
78,78,Short,Liam: The New Manager,2020.0,5.0,tt10968850,Action
79,79,Movie,Taanashah,2020.0,2.0,tt10968008,Action
80,80,Movie,Dagaalty,2020.0,1.0,tt10966832,Action
81,81,Short,Tiger Man,2020.0,2.0,tt10972026,Action
82,82,Movie,Brew,2020.0,,tt10978650,Action
83,83,Short,An Awkward Encounter,2021.0,,tt11914358,Action
84,84,Movie,"Push Comes to Shovel, TX",2021.0,7.0,tt11921924,Action
85,85,Movie,Ladki: Enter the Girl Dragon,2021.0,12.0,tt11924110,Action
86,86,Movie,Rewind,2021.0,4.0,tt11924002,Action
87,87,Movie,Tokyo Revengers,2021.0,7.0,tt11923304,Action
88,88,Short,Mashin Sentai Kirameijâ Za Mûbî: Bî-Bappu Dorîmu,2021.0,2.0,tt11928952,Action
89,89,Movie,The Lost and the Brave,2022.0,,tt14134448,Action
0,0,Movie,Gaspard et Robinson,1990.0,12.0,tt0099635,Drama
1,1,Movie,Night of the Cyclone,1990.0,5.0,tt0100256,Drama
2,2,Movie,Pokhorony Stalina,1990.0,,tt0100383,Drama
3,3,Movie,Street Hunter,1990.0,11.0,tt0100706,Drama
4,4,Movie,Goodfellas,1990.0,11.0,tt0099685,Drama
5,5,TV Movie,Murder in Black and White,1990.0,1.0,tt0100207,Drama
6,6,Movie,Le party,1990.0,2.0,tt0100334,Drama
7,7,Movie,18 anni tra una settimana,1992.0,2.0,tt0101250,Drama
8,8,TV Movie,Aftermath: A Test of Love,1991.0,3.0,tt0101277,Drama
9,9,TV Movie,Christmas on Division Street,1991.0,12.0,tt0101580,Drama
10,10,Movie,Dead Again,1992.0,2.0,tt0101669,Drama
11,11,TV Movie,Eyes of a Witness,1991.0,3.0,tt0101843,Drama
12,12,Movie,Gigolo,1991.0,11.0,tt0101952,Drama
13,13,Movie,Krhotine,2004.0,1.0,tt0102236,Drama
14,14,TV Movie,Lightning Field,1991.0,9.0,tt0102309,Drama
15,15,Movie,Cerro Torre: Schrei aus Stein,1991.0,10.0,tt0102855,Drama
16,16,Movie,Modern Crimes,1992.0,1.0,tt0104900,Drama
17,17,TV Movie,Final Shot: The Hank Gathers Story,1992.0,3.0,tt0104270,Drama
18,18,TV Movie,Hamburger Gift,1992.0,12.0,tt0104386,Drama
19,19,Movie,Hoffa,1992.0,12.0,tt0104427,Drama
20,20,TV Movie,Miss America: Behind the Crown,1992.0,9.0,tt0104883,Drama
21,21,Movie,Modelo antiguo,1992.0,9.0,tt0104899,Drama
22,22,Movie,No Dia dos Meus Anos,1994.0,2.0,tt0105008,Drama
23,23,Movie,Bob Roberts,1992.0,10.0,tt0103850,Drama
24,24,Movie,Il giardino dei ciliegi,1992.0,9.0,tt0104337,Drama
25,25,Movie,La vida conyugal,1993.0,6.0,tt0108487,Drama
26,26,Movie,Fatalna nezhnost,1993.0,9.0,tt0106875,Drama
27,27,Movie,Glädjekällan,1993.0,11.0,tt0107019,Drama
28,28,Movie,The Hour of the Pig,1994.0,1.0,tt0107146,Drama
29,29,Movie,Extreme Justice,1994.0,2.0,tt0106850,Drama
30,30,Movie,Killing Car,2012.0,9.0,tt0106894,Drama
31,31,Movie,Duo ming jie chu,1994.0,4.0,tt0109690,Drama
32,32,Movie,L'enfer,1994.0,2.0,tt0109731,Drama
33,33,Movie,"English, August",1994.0,9.0,tt0109732,Drama
34,34,Movie,The Fence,1994.0,4.0,tt0109795,Drama
35,35,Movie,Le fils préféré,1994.0,12.0,tt0109800,Drama
36,36,Movie,Le fusil de bois,1995.0,7.0,tt0109859,Drama
37,37,Movie,Foreign Student,1994.0,4.0,tt0109828,Drama
38,38,Movie,Frihetsligan,1994.0,2.0,tt0109848,Drama
39,39,TV Movie,Greyhounds,1994.0,6.0,tt0109941,Drama
40,40,Movie,The Glass Shield,1995.0,6.0,tt0109906,Drama
41,41,Movie,Liu mang yi sheng,1995.0,1.0,tt0113672,Drama
42,42,Movie,Kong zhong xiao jie,1995.0,6.0,tt0113569,Drama
43,43,Movie,Lao ni mei,1995.0,3.0,tt0113600,Drama
44,44,Movie,Let It Be Me,1995.0,11.0,tt0113638,Drama
45,45,Movie,The Babysitter,1995.0,10.0,tt0112438,Drama
46,46,Movie,Habit,1997.0,11.0,tt0113241,Drama
47,47,Movie,First Knight,1995.0,7.0,tt0113071,Drama
48,48,TV Movie,Kingfish: A Story of Huey P. Long,1995.0,3.0,tt0113550,Drama
49,49,Movie,Intimate Relations,1997.0,6.0,tt0116643,Drama
50,50,Movie,El domini del sentits,1996.0,11.0,tt0116124,Drama
51,51,Movie,Eskiya,1996.0,11.0,tt0116231,Drama
52,52,Movie,The Funeral,1997.0,7.0,tt0116378,Drama
53,53,TV Movie,Captive Heart: The James Mink Story,1996.0,4.0,tt0115826,Drama
54,54,Movie,Como Nascem os Anjos,1997.0,,tt0115929,Drama
55,55,TV Movie,The Assassination File,1996.0,6.0,tt0115578,Drama
56,56,Movie,Bolse vita,1996.0,10.0,tt0115726,Drama
57,57,Movie,In the Company of Men,1999.0,1.0,tt0119361,Drama
58,58,TV Movie,Moment of Truth: Into the Arms of Danger,1997.0,2.0,tt0119379,Drama
59,59,Movie,The Life of Stuff,1998.0,8.0,tt0119536,Drama
60,60,Movie,Loved,1997.0,10.0,tt0119581,Drama
61,61,Movie,Le mani forti,1997.0,3.0,tt0119610,Drama
62,62,Movie,Nettoyage à sec,1999.0,7.0,tt0119773,Drama
63,63,Movie,Paradise Road,1997.0,9.0,tt0119859,Drama
64,64,Movie,The Man with Rain in His Shoes,1998.0,11.0,tt0138590,Drama
65,65,Movie,Johnny B Good,1998.0,10.0,tt0138535,Drama
66,66,TV Movie,Never Tell Me Never,1998.0,4.0,tt0138652,Drama
67,67,Movie,Pi,2000.0,6.0,tt0138704,Drama
68,68,Movie,Fica Comigo,1998.0,2.0,tt0137520,Drama
69,69,Movie,Dante's View,1998.0,12.0,tt0138389,Drama
70,70,Movie,Free Fall,1999.0,1.0,tt0172469,Drama
71,71,TV Movie,Introducing Dorothy Dandridge,1999.0,8.0,tt0172348,Drama
72,72,TV Movie,Invisible Child,1999.0,3.0,tt0172606,Drama
73,73,Movie,Superlove,1999.0,6.0,tt0173275,Drama
74,74,Movie,Lal Baadshah,1999.0,3.0,tt0172704,Drama
75,75,Movie,"Südsee, eigene Insel",1999.0,7.0,tt0173298,Drama
76,76,Movie,Ungfrúin góða og húsið,1999.0,10.0,tt0173387,Drama
77,77,Movie,Mohabbatein,2000.0,10.0,tt0213890,Drama
78,78,Movie,Jadviga párnája,2000.0,3.0,tt0213733,Drama
79,79,Movie,Her i nærheden,2000.0,1.0,tt0212215,Drama
80,80,TV Movie,Madame Bovary,2000.0,2.0,tt0212318,Drama
81,81,TV Movie,Hidden Blessings,2000.0,4.0,tt0212218,Drama
82,82,Movie,The Luzhin Defence,2000.0,12.0,tt0211492,Drama
83,83,TV Movie,Il ritorno del piccolo Lord,2000.0,12.0,tt0211598,Drama
84,84,Movie,Beat,2004.0,5.0,tt0211941,Drama
85,85,Movie,The Clean and Narrow,2000.0,1.0,tt0212059,Drama
86,86,Movie,Last Orders,2002.0,1.0,tt0253200,Drama
87,87,TV Movie,Gli amici di Gesù - Giuda,2001.0,4.0,tt0253101,Drama
88,88,TV Movie,The Life and Adventures of Nicholas Nickleby,2002.0,1.0,tt0253312,Drama
89,89,Movie,Nynke,2001.0,9.0,tt0254610,Drama
90,90,Movie,Le stade de Wimbledon,2002.0,2.0,tt0254791,Drama
91,91,TV Movie,Un homme à défendre,2001.0,3.0,tt0253862,Drama
92,92,TV Movie,The Last Brickmaker in America,2001.0,9.0,tt0255313,Drama
93,93,Movie,The Fourth Angel,2002.0,1.0,tt0254334,Drama
94,94,Movie,The Point Men,2003.0,6.0,tt0254703,Drama
95,95,Movie,No Good Deed,2014.0,11.0,tt0292610,Drama
96,96,Movie,Lola vende cá,2002.0,4.0,tt0290729,Drama
97,97,Movie,L'idole,2003.0,1.0,tt0291259,Drama
98,98,Movie,Fixing Frank,2002.0,8.0,tt0292513,Drama
99,99,Short,On Common Ground,2002.0,3.0,tt0293888,Drama
100,100,Movie,El sueño de Ibiza,2002.0,4.0,tt0292259,Drama
101,101,Movie,Novo,2002.0,12.0,tt0291392,Drama
102,102,Movie,Local Boys,2002.0,2.0,tt0293357,Drama
103,103,Movie,Figure in the Forest,2002.0,10.0,tt0293154,Drama
104,104,Movie,Tre punto sei,2003.0,6.0,tt0331360,Drama
105,105,Movie,Mister V.,2003.0,11.0,tt0329525,Drama
106,106,Movie,Devil's Pond,2005.0,3.0,tt0329162,Drama
107,107,Movie,Les sentiments,2003.0,11.0,tt0329584,Drama
108,108,Movie,Any Way the Wind Blows,2003.0,10.0,tt0331175,Drama
109,109,TV Movie,Tauerngold,2003.0,4.0,tt0330970,Drama
110,110,Movie,Firefight,2003.0,5.0,tt0328868,Drama
111,111,Movie,Devot,2003.0,2.0,tt0331231,Drama
112,112,TV Movie,An Unexpected Love,2010.0,10.0,tt0329679,Drama
113,113,Short,American Short,2004.0,11.0,tt0370365,Drama
114,114,Movie,Mysterious Skin,2005.0,8.0,tt0370986,Drama
115,115,Movie,Promised Land,2004.0,8.0,tt0371101,Drama
116,116,Movie,Secuestro express,2004.0,3.0,tt0371939,Drama
117,117,Movie,Company K,2004.0,4.0,tt0372828,Drama
118,118,TV Movie,Die andere Frau,2004.0,1.0,tt0372167,Drama
119,119,Movie,Forkerte navne,2004.0,6.0,tt0371677,Drama
120,120,Movie,Kono yo no sotoe - Club Shinchugun,2004.0,2.0,tt0371050,Drama
121,121,Movie,Eating Out,2012.0,2.0,tt0372884,Drama
122,122,Movie,Shabd,2005.0,2.0,tt0409527,Drama
123,123,Movie,La noche del hermano,2005.0,8.0,tt0410381,Drama
124,124,Movie,Marilyn Hotchkiss' Ballroom Dancing & Charm School,2006.0,1.0,tt0409034,Drama
125,125,Movie,Resurrection: The J.R. Richard Story,2005.0,4.0,tt0410516,Drama
126,126,Movie,Lying in Bed,2005.0,12.0,tt0410275,Drama
127,127,TV Movie,Kein Himmel über Afrika,2005.0,2.0,tt0410156,Drama
128,128,Movie,La petite Chartreuse,2005.0,2.0,tt0410445,Drama
129,129,Movie,On a Clear Day,2006.0,8.0,tt0410400,Drama
130,130,Movie,Oublier Cheyenne,2006.0,3.0,tt0410410,Drama
131,131,Movie,Un mundo maravilloso,2006.0,3.0,tt0456467,Drama
132,132,Movie,Aryan: Unbreakable,2006.0,12.0,tt0454396,Drama
133,133,Movie,Fair Play,2006.0,9.0,tt0454602,Drama
134,134,Movie,The Elder Son,2009.0,3.0,tt0455988,Drama
135,135,Movie,Jaan-E-Mann: Let's Fall in Love... Again,2006.0,10.0,tt0456481,Drama
136,136,Movie,Chingaari,2006.0,2.0,tt0454429,Drama
137,137,Movie,Inside Man,2006.0,3.0,tt0454848,Drama
138,138,Movie,The Pursuit of Happyness,2007.0,2.0,tt0454921,Drama
139,139,Movie,Lost and Found,2006.0,,tt0455149,Drama
140,140,Movie,Irina Palm,2007.0,6.0,tt0762110,Drama
141,141,Movie,He Was a Quiet Man,2020.0,5.0,tt0760311,Drama
142,142,Movie,Relative Obscurity,2007.0,,tt0760182,Drama
143,143,Movie,Lovely by Surprise,2007.0,6.0,tt0760173,Drama
144,144,Movie,Afghan Knights,2007.0,7.0,tt0760157,Drama
145,145,TV Movie,Der Zauber des Regenbogens,2007.0,11.0,tt0759757,Drama
146,146,Movie,El corazón de la tierra,2007.0,4.0,tt0763839,Drama
147,147,Movie,X's & O's,2009.0,,tt0763847,Drama
148,148,Movie,"Meine Mutter, mein Bruder und ich!",2008.0,5.0,tt0935101,Drama
149,149,Movie,Older Than America,2012.0,2.0,tt0932669,Drama
150,150,Movie,Float,2008.0,10.0,tt0934840,Drama
151,151,Movie,No Exit,2008.0,,tt0937233,Drama
152,152,Movie,Varg,2008.0,4.0,tt0937378,Drama
153,153,Movie,Sappho,2008.0,3.0,tt0937373,Drama
154,154,Short,Death Point,2011.0,9.0,tt10050610,Drama
155,155,Movie,Ila Ayithe Ela,2017.0,,tt10017546,Drama
156,156,Short,Gusti,2017.0,6.0,tt10018590,Drama
157,157,Short,Young Grandpa,2018.0,5.0,tt10026668,Drama
158,158,Short,100 Inscritos,2018.0,7.0,tt10022852,Drama
159,159,Short,Eddy,2018.0,11.0,tt10026970,Drama
160,160,Movie,Saboa,2018.0,10.0,tt10027174,Drama
161,161,Short,Like Crazy,2019.0,3.0,tt10021724,Drama
162,162,Short,What Momma Wants,2019.0,3.0,tt10021708,Drama
163,163,Short,Coffee with a Madman,2019.0,2.0,tt10021158,Drama
164,164,Short,Resistant,2019.0,3.0,tt10021750,Drama
165,165,Short,Fleeting,2020.0,11.0,tt10203432,Drama
166,166,Movie,Chaco,2020.0,11.0,tt10201328,Drama
167,167,Movie,Petya na moyata Petya,2021.0,3.0,tt10682414,Drama
168,168,Short,1969,2021.0,2.0,tt10685024,Drama
169,169,Movie,Mandela,2021.0,4.0,tt10687070,Drama
170,170,Movie,Asbury Park,2021.0,11.0,tt10687016,Drama
171,171,Movie,Too Unexpected,2021.0,4.0,tt10686506,Drama
172,172,Movie,The Electrical Life of Louis Wain,2021.0,12.0,tt10687506,Drama
173,173,Movie,Because We Are,2021.0,8.0,tt10692368,Drama
174,174,Movie,Watcher,2022.0,9.0,tt12004038,Drama
175,175,Movie,Vikrant Rona,2022.0,7.0,tt12015102,Drama
176,176,Movie,Vuelta al perro,2022.0,4.0,tt12015752,Drama
0,0,Movie,Men Don't Leave,1990.0,6.0,tt0100134,Comedy
1,1,Movie,Meng gui ba wang hua,1990.0,3.0,tt0100137,Comedy
2,2,TV Movie,Thanksgiving Day,1990.0,11.0,tt0100767,Comedy
3,3,Movie,Thieves of Fortune,1990.0,10.0,tt0100771,Comedy
4,4,Movie,A Matter of Degrees,1991.0,9.0,tt0100122,Comedy
5,5,Movie,Teenage Mutant Ninja Turtles,1991.0,2.0,tt0100758,Comedy
6,6,Movie,Where the Heart Is,1990.0,2.0,tt0100924,Comedy
7,7,Movie,Terminal City Ricochet,1991.0,2.0,tt0100763,Comedy
8,8,Movie,Pure Luck,1991.0,8.0,tt0102729,Comedy
9,9,Short,The Wizard of Oz,1991.0,10.0,tt0103276,Comedy
10,10,Movie,Zhi zai chu wei,1991.0,11.0,tt0103329,Comedy
11,11,Movie,San taam Ma Yue Lung,1991.0,11.0,tt0102903,Comedy
12,12,Movie,To hok wai lung,1991.0,7.0,tt0103045,Comedy
13,13,Movie,Un paradiso senza biliardo,1991.0,1.0,tt0102630,Comedy
14,14,Movie,Lunatics: A Love Story,1991.0,2.0,tt0102357,Comedy
15,15,Movie,Qiu yue,1993.0,10.0,tt0105198,Comedy
16,16,Movie,La reina anónima,1992.0,10.0,tt0105231,Comedy
17,17,Movie,Riens du tout,1992.0,11.0,tt0105260,Comedy
18,18,Movie,Shiko funjatta.,1992.0,1.0,tt0105388,Comedy
19,19,Movie,Sister Act,1992.0,12.0,tt0105417,Comedy
20,20,TV Movie,T Bone N Weasel,1992.0,11.0,tt0105512,Comedy
21,21,Movie,There Goes the Neighborhood,1992.0,10.0,tt0105573,Comedy
22,22,Short,Terror in the Hot Tubs,1992.0,5.0,tt0105567,Comedy
23,23,Movie,Hak pau tin ha,1993.0,11.0,tt0107098,Comedy
24,24,Movie,The last border - viimeisellä rajalla,1993.0,8.0,tt0107364,Comedy
25,25,Movie,"Pacco, doppio pacco e contropaccotto",1993.0,1.0,tt0107766,Comedy
26,26,Movie,Mrs. Doubtfire,1994.0,2.0,tt0107614,Comedy
27,27,Movie,Bank Robber,1993.0,12.0,tt0106353,Comedy
28,28,TV Movie,Body Bags,1993.0,8.0,tt0106449,Comedy
29,29,Movie,Roser og persille,1993.0,8.0,tt0107991,Comedy
30,30,Movie,Roulez jeunesse!,1993.0,4.0,tt0107994,Comedy
31,31,Movie,Wan 9 zhao 5,1994.0,4.0,tt0111661,Comedy
32,32,Movie,Mit moon cham on 2: Che chung,1994.0,5.0,tt0110513,Comedy
33,33,Movie,Nian nian you jin ri,1994.0,3.0,tt0110660,Comedy
34,34,Movie,Little Big League,1994.0,6.0,tt0110363,Comedy
35,35,Movie,"Lovers, Lovers",1994.0,3.0,tt0110397,Comedy
36,36,Movie,Rám csaj még nem volt ilyen hatással,1994.0,3.0,tt0111045,Comedy
37,37,Movie,Wagons East!,1994.0,8.0,tt0111653,Comedy
38,38,Movie,Nine Months,1995.0,10.0,tt0113986,Comedy
39,39,Movie,Oryol i reshka,1995.0,11.0,tt0114054,Comedy
40,40,Movie,Nic smiesznego,1996.0,2.0,tt0113971,Comedy
41,41,Movie,Kids of the Round Table,1995.0,12.0,tt0113541,Comedy
42,42,Movie,Mollo tutto,1995.0,3.0,tt0113841,Comedy
43,43,Movie,The Perez Family,1995.0,5.0,tt0114113,Comedy
44,44,Movie,Die Mediocren,1995.0,6.0,tt0113790,Comedy
45,45,Movie,Mrs. Munck,1995.0,9.0,tt0113865,Comedy
46,46,Movie,Fu sheng,1997.0,9.0,tt0116325,Comedy
47,47,Movie,La lengua asesina,1996.0,11.0,tt0116770,Comedy
48,48,TV Movie,Faisons un rêve,1996.0,5.0,tt0116268,Comedy
49,49,Movie,Leneged Einayim Ma'araviyot,1996.0,,tt0116857,Comedy
50,50,Movie,Magic in the Mirror,1996.0,8.0,tt0116959,Comedy
51,51,Short,Bangs,1996.0,9.0,tt0115621,Comedy
52,52,Movie,Chong qing ai qing gan jue,1996.0,9.0,tt0116290,Comedy
53,53,Movie,Taafé Fanga,1999.0,3.0,tt0120266,Comedy
54,54,Movie,That Darn Cat,1997.0,2.0,tt0120317,Comedy
55,55,Movie,Twin Town,1997.0,11.0,tt0120394,Comedy
56,56,Movie,Weihnachtsfieber,1997.0,11.0,tt0120489,Comedy
57,57,Movie,Reine & Mimmi i fjällen!,1997.0,8.0,tt0120002,Comedy
58,58,Movie,A Smile Like Yours,1997.0,9.0,tt0120151,Comedy
59,59,TV Movie,steve.oedekerk.com,1997.0,9.0,tt0120209,Comedy
60,60,TV Movie,Tales from the Far Side II,1997.0,12.0,tt0120270,Comedy
61,61,Movie,"Five Wives, Three Secretaries and Me",1999.0,10.0,tt0150574,Comedy
62,62,Movie,Color-Blinded,1998.0,1.0,tt0150167,Comedy
63,63,TV Movie,The Gift,1998.0,7.0,tt0150727,Comedy
64,64,Movie,Ecco fatto,1998.0,11.0,tt0150434,Comedy
65,65,Movie,Homo Heights,1998.0,2.0,tt0150941,Comedy
66,66,Movie,Hinterholz 8,1998.0,9.0,tt0150918,Comedy
67,67,Movie,El grito en el cielo,1998.0,4.0,tt0150790,Comedy
68,68,TV Movie,Erakkorapu,1999.0,2.0,tt0187831,Comedy
69,69,TV Movie,Passion Killers,1999.0,4.0,tt0187659,Comedy
70,70,Movie,La nouvelle Ève,1999.0,1.0,tt0186397,Comedy
71,71,TV Movie,Zenon: Girl of the 21st Century,1999.0,1.0,tt0186726,Comedy
72,72,Movie,'Ne günstige Gelegenheit,1999.0,11.0,tt0187867,Comedy
73,73,Movie,Doug's 1st Movie,1999.0,7.0,tt0187819,Comedy
74,74,Movie,Otesánek,2001.0,1.0,tt0228687,Comedy
75,75,Movie,A Little Bit of Lipstick,2000.0,2.0,tt0228525,Comedy
76,76,Movie,3 Chinesen mit dem Kontrabass,2000.0,3.0,tt0228239,Comedy
77,77,Movie,Les insaisissables,2000.0,5.0,tt0229475,Comedy
78,78,Movie,Vive nous!,2000.0,1.0,tt0229022,Comedy
79,79,Movie,Ping!,2000.0,8.0,tt0228720,Comedy
80,80,Short,Bit Players,2000.0,8.0,tt0230041,Comedy
81,81,Movie,The Bunk Witch Project,2000.0,6.0,tt0230056,Comedy
82,82,TV Movie,Zenon: The Zequel,2001.0,1.0,tt0271271,Comedy
83,83,Short,Jane,2001.0,11.0,tt0272676,Comedy
84,84,Movie,Mujhe Meri Biwi Se Bachaao,2001.0,6.0,tt0272735,Comedy
85,85,Movie,Jump Tomorrow,2001.0,11.0,tt0273300,Comedy
86,86,Movie,The Jimmy Show,2001.0,9.0,tt0271020,Comedy
87,87,TV Movie,Call Me Claus,2001.0,12.0,tt0272018,Comedy
88,88,Movie,Happy Now,2002.0,10.0,tt0271538,Comedy
89,89,Movie,Les âmes câlines,2001.0,12.0,tt0272093,Comedy
90,90,TV Movie,Dinner with Friends,2001.0,8.0,tt0271461,Comedy
91,91,TV Movie,Ein Sack voll Geld,2002.0,12.0,tt0304657,Comedy
92,92,Movie,The Santa Clause 2,2002.0,12.0,tt0304669,Comedy
93,93,Short,Fish + Dog,2002.0,3.0,tt0305578,Comedy
94,94,Movie,Sex Is Comedy,2003.0,5.0,tt0304678,Comedy
95,95,TV Movie,Bobby,2002.0,1.0,tt0303781,Comedy
96,96,Movie,Film School Confidential,2002.0,1.0,tt0304008,Comedy
97,97,Movie,Nantucket,2002.0,9.0,tt0304458,Comedy
98,98,TV Movie,Si Graham Norton,2002.0,1.0,tt0304707,Comedy
99,99,Movie,Gate to Heaven,2003.0,12.0,tt0341372,Comedy
100,100,Short,Grace,2003.0,1.0,tt0340737,Comedy
101,101,Short,Cul de sac,2003.0,6.0,tt0341326,Comedy
102,102,Short,Studio City,2003.0,2.0,tt0341598,Comedy
103,103,Movie,The R.M.,2003.0,1.0,tt0341540,Comedy
104,104,Movie,Gettin' Square,2003.0,10.0,tt0341376,Comedy
105,105,Movie,Adam & Eva,2003.0,6.0,tt0341216,Comedy
106,106,Short,Mirror Man,2003.0,3.0,tt0342776,Comedy
107,107,Movie,Ce jour-là,2003.0,6.0,tt0343524,Comedy
108,108,Movie,Wilby Wonderful,2005.0,9.0,tt0383717,Comedy
109,109,Movie,Süperseks,2004.0,9.0,tt0384576,Comedy
110,110,TV Movie,I Want to Marry Ryan Banks,2004.0,1.0,tt0385013,Comedy
111,111,Movie,Kad porastem bicu Kengur,2004.0,3.0,tt0383846,Comedy
112,112,Movie,Dontel papa,2004.0,9.0,tt0385511,Comedy
113,113,Movie,Bandwagon,2004.0,4.0,tt0385534,Comedy
114,114,Movie,Saving Face,2005.0,6.0,tt0384504,Comedy
115,115,Movie,Love on the Side,2006.0,3.0,tt0384037,Comedy
116,116,Movie,Sans Kapiyi Kirinca,2005.0,1.0,tt0425426,Comedy
117,117,Movie,Feast,2007.0,1.0,tt0426459,Comedy
118,118,Movie,Enfants terribles,2005.0,10.0,tt0424999,Comedy
119,119,Movie,The Essence of Irwin,2005.0,,tt0426452,Comedy
120,120,Movie,In the Mix,2005.0,11.0,tt0426615,Comedy
121,121,Movie,Pardon,2005.0,3.0,tt0425333,Comedy
122,122,Movie,Almost Heaven,2005.0,8.0,tt0425202,Comedy
123,123,TV Movie,Irren ist sexy,2005.0,1.0,tt0424187,Comedy
124,124,Movie,Bernard and Doris,2009.0,9.0,tt0470732,Comedy
125,125,Movie,Peanuts,2006.0,1.0,tt0472482,Comedy
126,126,Movie,Eccezzziunale veramente - Capitolo secondo... me,2006.0,1.0,tt0472520,Comedy
127,127,Movie,Direktøren for det hele,2007.0,5.0,tt0469754,Comedy
128,128,Movie,Le rose del deserto,2006.0,12.0,tt0470082,Comedy
129,129,Movie,Raftáci,2006.0,3.0,tt0470079,Comedy
130,130,Movie,BoyTown,2006.0,10.0,tt0472615,Comedy
131,131,Short,Gone to the Dogs,2006.0,1.0,tt0469911,Comedy
132,132,TV Movie,The Jimmy Timmy Power Hour 2: When Nerds Collide,2006.0,1.0,tt0473050,Comedy
133,133,Movie,Park,2007.0,1.0,tt0469519,Comedy
134,134,Short,Bakom Snart är det lördag igen,2007.0,1.0,tt0808472,Comedy
135,135,Movie,Pornorama,2007.0,10.0,tt0808425,Comedy
136,136,Movie,Vratné lahve,2008.0,3.0,tt0809951,Comedy
137,137,Movie,One Long Night,2007.0,,tt0808409,Comedy
138,138,Movie,Malta con Huevo,2007.0,9.0,tt0810082,Comedy
139,139,Movie,Free Rainer,2008.0,6.0,tt0810868,Comedy
140,140,Short,World of Wrestling,2007.0,9.0,tt0810099,Comedy
141,141,Movie,The Ten,2008.0,4.0,tt0811106,Comedy
142,142,Short,Pure Gasoline,2017.0,,tt10070746,Comedy
143,143,Short,At Sixes and Sevens,2017.0,11.0,tt10071408,Comedy
144,144,Short,About A Short Film,2018.0,9.0,tt10061802,Comedy
145,145,Short,Life As We Know It,2019.0,3.0,tt10021716,Comedy
146,146,Movie,Papers 14: Purge of the Papers,2019.0,8.0,tt10021688,Comedy
147,147,Movie,The Protector,2019.0,2.0,tt10022384,Comedy
148,148,Movie,Secret Society of Second-Born Royals,2020.0,9.0,tt10324122,Comedy
149,149,TV Movie,Unbreakable Kimmy Schmidt: Kimmy vs the Reverend,2020.0,8.0,tt10324166,Comedy
150,150,Movie,Café Mirage,2020.0,10.0,tt10326882,Comedy
151,151,Movie,The Addams Family 2,2021.0,10.0,tt11125620,Comedy
152,152,Movie,YOUTH TOPIA,2021.0,,tt11132688,Comedy
153,153,TV Movie,One Minute Show,2021.0,1.0,tt11135944,Comedy
154,154,Movie,Ur spår,2022.0,1.0,tt13316790,Comedy
155,155,Movie,The Lost City,2022.0,3.0,tt13320622,Comedy
156,156,Short,Full Throttle Paradise,2022.0,1.0,tt13320706,Comedy
157,157,Movie,Ça tourne à Saint-Pierre et Miquelon,2022.0,5.0,tt13322796,Comedy
158,158,Movie,Slumberland - Nel mondo dei sogni,2022.0,11.0,tt13320662,Comedy
159,159,Movie,Kiljuset!,2022.0,12.0,tt13328854,Comedy
160,160,Movie,Envol,2022.0,4.0,tt13335652,Comedy
0,0,TV Movie,Jak chutnà láska,2002.0,12.0,tt0470382,Fantasy
1,1,Short,Dream a Little Dream for Me,2002.0,6.0,tt0472074,Fantasy
2,2,Movie,Clown Series 1-10,2002.0,9.0,tt0472618,Fantasy
3,3,Short,Pigeon,2002.0,4.0,tt0472485,Fantasy
4,4,TV Movie,Strange Frequency 2,2003.0,1.0,tt0475404,Fantasy
5,5,TV Movie,Criss Angel Mindfreak,2002.0,10.0,tt0475945,Fantasy
6,6,Movie,Doraemon: Nobita to fushigi kazetsukai,2003.0,3.0,tt0473474,Fantasy
7,7,Movie,Ta-Kien,2003.0,10.0,tt0474949,Fantasy
8,8,Short,The Grove,2003.0,,tt0475600,Fantasy
9,9,TV Movie,Criss Angel Supernatural,2003.0,10.0,tt0475946,Fantasy
10,10,Short,La petite feuille,2003.0,12.0,tt0478821,Fantasy
11,11,Movie,Under a Shipwrecked Moon,2003.0,5.0,tt0481001,Fantasy
12,12,Short,Cult,2003.0,3.0,tt0480969,Fantasy
13,13,TV Movie,"Mosè e Faraone, o Il passaggio del Mar Rosso",2003.0,12.0,tt0480768,Fantasy
14,14,Short,O magos tis Venetias,2003.0,9.0,tt0481302,Fantasy
15,15,TV Movie,The Initiation of Sarah,2006.0,10.0,tt0795403,Fantasy
16,16,TV Movie,Reign of the Gargoyles,2010.0,9.0,tt0969322,Fantasy
17,17,Movie,Star Wars: The Clone Wars,2008.0,8.0,tt1185834,Fantasy
18,18,TV Movie,El que habita las alturas,2011.0,6.0,tt1322910,Fantasy
19,19,Short,The Hunt for Gollum,2011.0,4.0,tt1323925,Fantasy
20,20,Movie,El sol,2011.0,,tt1324057,Fantasy
21,21,Movie,Finale,2010.0,9.0,tt1326218,Fantasy
22,22,Movie,Out of the Fog,2009.0,6.0,tt1326957,Fantasy
23,23,Movie,Chi bi: Jue zhan tian xia,2009.0,1.0,tt1326972,Fantasy
24,24,Movie,Charlie St. Cloud,2010.0,10.0,tt1438254,Fantasy
25,25,Movie,Gladiator Games,2010.0,9.0,tt1439532,Fantasy
26,26,Short,"Aguarde, por favor!",2011.0,,tt12141548,Fantasy
27,27,Short,Original Sin,2011.0,3.0,tt12215220,Fantasy
28,28,Movie,Zookeeper,2011.0,7.0,tt1222817,Fantasy
29,29,Movie,Vampire Madness,2011.0,10.0,tt12306262,Fantasy
30,30,Short,Portrait,2011.0,5.0,tt12321038,Fantasy
31,31,Movie,The Future,2011.0,9.0,tt1235170,Fantasy
32,32,Short,In the Realms of Gold,2013.0,6.0,tt13820914,Fantasy
33,33,Short,"Portraits: Emile, 98bit",2012.0,,tt13817214,Fantasy
34,34,Short,Astral,2019.0,5.0,tt10100940,Fantasy
35,35,Movie,Brightheart,2021.0,1.0,tt11107978,Fantasy
36,36,Movie,Kiokuya: Anata o wasurenai,2020.0,1.0,tt11116656,Fantasy
37,37,Short,Lukøje,2020.0,9.0,tt11124092,Fantasy
38,38,Short,Hopsa Heisasa,2020.0,9.0,tt11128480,Fantasy
39,39,Movie,Armugan,2020.0,11.0,tt11123316,Fantasy
40,40,Short,The Black Baptism,2020.0,2.0,tt11131816,Fantasy
41,41,Movie,La mujer del Presidente,2021.0,11.0,tt12572368,Fantasy
42,42,Movie,Darker Than Night,2021.0,,tt12592338,Fantasy
43,43,Movie,My Dog Is Sick,2021.0,8.0,tt12592680,Fantasy
44,44,Movie,The New Frontier,2021.0,6.0,tt12619898,Fantasy
45,45,Movie,Churuli,2021.0,11.0,tt12625756,Fantasy
0,0,Short,Fantasm,2006.0,10.0,tt4621366,Horror
1,1,Short,Spooked,2006.0,5.0,tt4629450,Horror
2,2,Short,Fool Moon,2006.0,5.0,tt4631440,Horror
3,3,Short,Pumpkin Night,2006.0,10.0,tt4636258,Horror
4,4,Short,A Very Merry Chris 'n' Craig Mas,2006.0,12.0,tt4641348,Horror
5,5,Short,Skogen,2007.0,6.0,tt4666644,Horror
6,6,Short,Tales of Horror: The Judgment,2006.0,9.0,tt4872678,Horror
7,7,Short,Descendants of the Coven,2006.0,4.0,tt4903204,Horror
8,8,Short,Manic,2006.0,10.0,tt4924236,Horror
9,9,Movie,Parkway,2007.0,5.0,tt1964988,Horror
10,10,Movie,Il cerchio dei morti,2007.0,9.0,tt1984180,Horror
11,11,Short,Confession 3,2007.0,10.0,tt1995281,Horror
12,12,Short,It Returns from My Basement,2007.0,7.0,tt2004260,Horror
13,13,Short,Live Zombys: The Farm,2007.0,10.0,tt2007420,Horror
14,14,Short,Skin Deep,2007.0,10.0,tt2008636,Horror
15,15,Short,Maelstrom,2007.0,6.0,tt2011113,Horror
16,16,Movie,A praga,2011.0,,tt2016844,Horror
17,17,Short,Cabin,2007.0,10.0,tt2025513,Horror
18,18,Short,Slash Hive,2007.0,3.0,tt2035624,Horror
19,19,Short,Pervaya sopka. Mest beshenogo Gansalesa,2007.0,9.0,tt2041503,Horror
20,20,TV Movie,Chiller's Dare 2 Direct Short Film Festival 2007,2007.0,10.0,tt2043811,Horror
21,21,Short,Z-Day,2007.0,10.0,tt2047925,Horror
22,22,Short,Dead End,2007.0,9.0,tt2057385,Horror
23,23,Short,A Child's Toy,2007.0,3.0,tt2075080,Horror
24,24,Short,When You Owe You Pay,2009.0,10.0,tt2069978,Horror
25,25,Movie,Gap,2008.0,2.0,tt2072977,Horror
26,26,Short,12 Minutes,2008.0,7.0,tt2076140,Horror
27,27,Short,Crna ovca u restoranu za zombije,2008.0,9.0,tt2079488,Horror
28,28,Short,Transmitted,2008.0,3.0,tt2082492,Horror
29,29,Short,The Sinister Grin,2008.0,10.0,tt2089839,Horror
30,30,Short,Kaj Upokojenci Skrivajo v Kleti,2008.0,7.0,tt2088807,Horror
31,31,Short,Sick Perverts,2008.0,,tt2090607,Horror
32,32,Short,The Deadline,2008.0,4.0,tt2091432,Horror
33,33,Short,Don't Look Back,2008.0,11.0,tt2095626,Horror
34,34,Movie,Empaná de pino,2008.0,10.0,tt2109121,Horror
35,35,Short,Basura,2008.0,10.0,tt2110395,Horror
36,36,Movie,Dok,2008.0,10.0,tt2111297,Horror
37,37,Movie,Dawna of the Dead,2008.0,8.0,tt2115308,Horror
38,38,Movie,Dead Ahead,2012.0,,tt2122322,Horror
39,39,Short,Jour blanc,2008.0,5.0,tt2130074,Horror
40,40,Movie,Djavolje Kolo,2008.0,6.0,tt2132311,Horror
41,41,Short,The Porthkerry Experience,2008.0,1.0,tt2132495,Horror
42,42,Short,3 Wishes,2008.0,10.0,tt2148815,Horror
43,43,Movie,Rak Lorn,2008.0,5.0,tt2150812,Horror
44,44,Short,Trepidation,2008.0,12.0,tt2151887,Horror
45,45,Short,Echo Park,2008.0,5.0,tt2151052,Horror
46,46,Short,Make It Nice,2008.0,7.0,tt2153885,Horror
47,47,Short,Star Wars: Don't Go in the Endor Woods,2008.0,5.0,tt2166141,Horror
48,48,Short,The Tower,2008.0,10.0,tt2166261,Horror
49,49,Short,Zombie Noir,2008.0,3.0,tt2176045,Horror
50,50,Short,The Flea,2008.0,8.0,tt2174552,Horror
51,51,Short,Noise,2008.0,9.0,tt2177562,Horror
52,52,Short,The Forecast,2008.0,10.0,tt2191664,Horror
53,53,Short,Uhripuu - The Sacrifice Tree,2008.0,4.0,tt2195110,Horror
54,54,Short,A Carne,2008.0,10.0,tt2194491,Horror
55,55,Movie,Nina Crazy Suicide Girl: Le Prigioniere di Satana,2008.0,,tt2201141,Horror
56,56,Short,Alta Frecuencia,2008.0,10.0,tt2202371,Horror
57,57,Movie,La raíz del mal,2008.0,12.0,tt2205539,Horror
58,58,Movie,Slurpees,2008.0,7.0,tt2217816,Horror
59,59,Short,My Worst Nightmare,2008.0,6.0,tt2217881,Horror
60,60,Short,Vendrá la muerte y tendrá tus ojos,2008.0,,tt2235801,Horror
61,61,Short,Het mysterie van de volle maan,2009.0,9.0,tt1596262,Horror
62,62,Movie,Yoga hakwon,2009.0,8.0,tt1599378,Horror
63,63,Short,Spirale,2009.0,11.0,tt1600443,Horror
64,64,Movie,Made Out Alive,2009.0,1.0,tt1600765,Horror
65,65,Short,Birth of a Nicola,2009.0,9.0,tt1602039,Horror
66,66,Movie,Aa Intlo,2009.0,7.0,tt1601791,Horror
67,67,Short,Bloodbath,2009.0,6.0,tt1602110,Horror
68,68,Short,Buttf**ker,2009.0,4.0,tt1603470,Horror
69,69,Movie,Cheun,2009.0,10.0,tt1603807,Horror
70,70,Movie,Cheuuat gaawn chim,2009.0,3.0,tt1603808,Horror
71,71,Short,Pipe Wrench,2010.0,1.0,tt1603911,Horror
72,72,Movie,Pengantin Pantai Biru,2010.0,9.0,tt1748161,Horror
73,73,Movie,Ninjas vs. Vampires,2011.0,8.0,tt1748134,Horror
74,74,Movie,White House,2010.0,10.0,tt1748288,Horror
75,75,Movie,Malevolent Ascent,2010.0,10.0,tt1754170,Horror
76,76,Short,All Flowers in Time,2012.0,5.0,tt1753423,Horror
77,77,Movie,A Taste,2010.0,10.0,tt1753402,Horror
78,78,Short,Blarghaaahrgarg,2010.0,10.0,tt1753518,Horror
79,79,Short,Bats in the Belfry,2013.0,10.0,tt1753484,Horror
80,80,Short,Don't Look Under the Bed,2010.0,10.0,tt1753727,Horror
81,81,Movie,Kalevet,2010.0,12.0,tt1754000,Horror
82,82,Short,Liebe oder nichts,2010.0,10.0,tt1754124,Horror
83,83,Short,Night of the Unwed,2010.0,8.0,tt1754274,Horror
84,84,Movie,Easter Bunny Bloodbath,2010.0,,tt1753750,Horror
85,85,Short,Closed Door,2011.0,6.0,tt1753598,Horror
86,86,Short,Le malinconiche pene del Grom,2012.0,5.0,tt1754088,Horror
87,87,Short,The Next,2010.0,10.0,tt1754677,Horror
88,88,Short,The Couple,2010.0,10.0,tt1754614,Horror
89,89,Movie,The Unwelcome,2010.0,8.0,tt1754726,Horror
90,90,Short,The Brutalizer,2010.0,10.0,tt1754599,Horror
91,91,Short,Phobia,2010.0,4.0,tt1754348,Horror
92,92,Short,Within,2010.0,10.0,tt1754901,Horror
93,93,Short,The Withered Dead,2010.0,9.0,tt1754732,Horror
94,94,Short,Lancaster Square,2010.0,9.0,tt1754077,Horror
95,95,Short,Dead Search,2010.0,6.0,tt1753674,Horror
96,96,Short,The Hitchhiker,2011.0,2.0,tt1999969,Horror
97,97,Short,Call of Nature,2011.0,9.0,tt2000410,Horror
98,98,Short,Daddy Cross,2011.0,7.0,tt1999858,Horror
99,99,Movie,Caustic Zombies,2011.0,7.0,tt1999851,Horror
100,100,Short,Hurst,2011.0,6.0,tt1999895,Horror
101,101,Short,"Tingen, Edderkoppen",2011.0,5.0,tt2000433,Horror
102,102,Short,Am I,2011.0,11.0,tt2004153,Horror
103,103,Short,Dead End,2011.0,6.0,tt2005193,Horror
104,104,Short,Weeping,2011.0,6.0,tt2004426,Horror
105,105,Short,The Executive Producer,2011.0,9.0,tt2005372,Horror
106,106,Short,Flesh Art,2011.0,8.0,tt2005220,Horror
107,107,Short,Little Red,2011.0,7.0,tt2004284,Horror
108,108,Movie,Darkwood Manor,2011.0,9.0,tt2005190,Horror
109,109,Movie,Dead Bodies Everywhere,2011.0,8.0,tt2006093,Horror
110,110,Short,Versipellis,2012.0,1.0,tt2006297,Horror
111,111,Short,Foreplay,2011.0,6.0,tt2005221,Horror
112,112,Movie,12/12/12,2012.0,12.0,tt2313780,Horror
113,113,Movie,Kuntilanak-Kuntilanak,2012.0,4.0,tt2316550,Horror
114,114,Movie,Ex Abyssus,2012.0,10.0,tt2315792,Horror
115,115,Short,Samayou shinzô,2012.0,5.0,tt2315292,Horror
116,116,Movie,The Devil's Music,2012.0,8.0,tt2314348,Horror
117,117,Short,File 13,2012.0,8.0,tt2314254,Horror
118,118,Short,The Hole,2012.0,7.0,tt2315170,Horror
119,119,Short,Six Ghosts,2012.0,4.0,tt2315864,Horror
120,120,Movie,Kung Fu Pocong Perawan,2012.0,4.0,tt2316418,Horror
121,121,Movie,Nenek Gayung,2012.0,4.0,tt2316564,Horror
122,122,Movie,Children of the Grave 2,2012.0,3.0,tt2316521,Horror
123,123,Short,Too Focused,2012.0,8.0,tt2315428,Horror
124,124,Short,Exorsister,2012.0,3.0,tt2316637,Horror
125,125,Short,All the Fists in the World Won't Save You Now,2012.0,8.0,tt2317486,Horror
126,126,Short,UNLV Massacre,2012.0,4.0,tt2316404,Horror
127,127,Movie,Rakugo eiga,2013.0,4.0,tt2317414,Horror
128,128,Movie,Paranormal Adoption,2012.0,1.0,tt2316959,Horror
129,129,Movie,Morgana,2012.0,8.0,tt2318360,Horror
130,130,Short,Just Like You...,2012.0,6.0,tt2318569,Horror
131,131,Short,Pumpkin Morgue Paranormal Investigators: Touch the Sky,2012.0,10.0,tt2319420,Horror
132,132,Movie,The Darkening,2012.0,9.0,tt2317734,Horror
133,133,Short,Clowning Around,2012.0,2.0,tt2318433,Horror
134,134,Short,Shivers Down Your Spine: Convention Girl,2012.0,3.0,tt2318675,Horror
135,135,Short,Hush,2012.0,2.0,tt2318535,Horror
136,136,Short,La Casa De Arriba,2013.0,9.0,tt2938190,Horror
137,137,Short,Friends,2013.0,5.0,tt2937378,Horror
138,138,Short,Soleil rouge,2013.0,5.0,tt2943870,Horror
139,139,Short,Dead of Winter,2013.0,3.0,tt2941494,Horror
140,140,Movie,Hellhounds,2013.0,11.0,tt2943990,Horror
141,141,Movie,Bhoner: The Movie,2013.0,3.0,tt2936408,Horror
142,142,Movie,Until Death,2013.0,11.0,tt2939094,Horror
143,143,Movie,Ridge War Z,2013.0,11.0,tt2941258,Horror
144,144,Movie,Midnight Man,2013.0,10.0,tt2937080,Horror
145,145,Short,Porcelain Rising,2013.0,5.0,tt2938282,Horror
146,146,Short,Liebe,2014.0,4.0,tt2940782,Horror
147,147,Short,Estrela Radiante,2013.0,3.0,tt2941436,Horror
148,148,Movie,Enter If You Dare: House on Creepy Lane Part 2,2013.0,10.0,tt2942404,Horror
149,149,Movie,El misterio de Vera Drudi,2013.0,6.0,tt2942728,Horror
150,150,Short,Fear: The Movie,2014.0,6.0,tt3608780,Horror
151,151,Movie,The Coed and the Zombie Stoner,2014.0,4.0,tt3608654,Horror
152,152,Movie,"Saikin, chôchô wa...",2014.0,5.0,tt3609482,Horror
153,153,Short,Unnatural History,2014.0,8.0,tt3609874,Horror
154,154,Movie,Reset,2014.0,3.0,tt3608476,Horror
155,155,Short,Skyglow,2014.0,10.0,tt3608808,Horror
156,156,Short,Funhouse,2014.0,5.0,tt3610680,Horror
157,157,Movie,Ban khang winyan,2014.0,4.0,tt3612476,Horror
158,158,Movie,Hong lork lorn,2014.0,3.0,tt3612494,Horror
159,159,Short,Salvation Jane,2014.0,5.0,tt3612342,Horror
160,160,Short,Maria,2014.0,8.0,tt3614484,Horror
161,161,Short,Picture Particles,2014.0,6.0,tt3615590,Horror
162,162,Short,Guilt,2014.0,8.0,tt3614870,Horror
163,163,Short,Icky,2014.0,,tt3615066,Horror
164,164,Short,Body in Boot,2014.0,,tt3615570,Horror
165,165,Short,Ruka,2014.0,3.0,tt3616378,Horror
166,166,Short,Found Footage: The Lost Genre,2014.0,3.0,tt3617952,Horror
167,167,Short,Sandarsakan - The Visitor,2014.0,2.0,tt3613664,Horror
168,168,Short,Precocious Movie Kids,2014.0,4.0,tt3616444,Horror
169,169,Short,Out of Breath,2014.0,10.0,tt3619340,Horror
170,170,Movie,Creature,2014.0,9.0,tt3619854,Horror
171,171,Short,Mr. Dentonn,2014.0,5.0,tt3620736,Horror
172,172,Short,Behind Closed Doors,2014.0,1.0,tt3620118,Horror
173,173,Short,The Left-Hand Path,2014.0,3.0,tt3622252,Horror
174,174,Short,The Right Girl,2014.0,3.0,tt3621466,Horror
175,175,Short,Nyctophobia,2014.0,7.0,tt3623882,Horror
176,176,Movie,Demons,2014.0,9.0,tt3629024,Horror
177,177,TV Movie,R.L. Stine's Monsterville: Cabinet of Souls,2015.0,9.0,tt4386242,Horror
178,178,Movie,GrossHouse,2015.0,3.0,tt4388230,Horror
179,179,Movie,Slumlord,2016.0,4.0,tt4392454,Horror
180,180,TV Movie,Haunted,2015.0,1.0,tt4392362,Horror
181,181,Short,Wide Spread,2015.0,1.0,tt4392724,Horror
182,182,Short,The Smiling Man,2015.0,6.0,tt4392396,Horror
183,183,Movie,Follow,2015.0,9.0,tt4396584,Horror
184,184,Short,Rate Me,2015.0,9.0,tt4396330,Horror
185,185,Short,Sisters,2015.0,11.0,tt4397114,Horror
186,186,Short,The Wager,2015.0,9.0,tt4396034,Horror
187,187,Short,Hands of Wicked Men,2015.0,6.0,tt4396744,Horror
188,188,Short,Vacation,2015.0,1.0,tt4397576,Horror
189,189,Short,Thee Massacre: Drenched in Blood and Sweat,2015.0,1.0,tt4400036,Horror
190,190,Movie,The Haunter of the Dark,2015.0,1.0,tt4402410,Horror
191,191,Movie,StaggeR .0,2015.0,7.0,tt4402074,Horror
192,192,Movie,Haman,2019.0,3.0,tt4401702,Horror
193,193,Short,Calling,2015.0,2.0,tt4401132,Horror
194,194,Short,"Enter, Metanoia",2015.0,,tt4401362,Horror
195,195,Short,Midnight Kiss,2015.0,10.0,tt4405432,Horror
196,196,Movie,Kartoffelsalat,2015.0,7.0,tt4404474,Horror
197,197,Short,When the Night Falls,2015.0,,tt4401386,Horror
198,198,Short,Snow Dayz,2015.0,6.0,tt4404292,Horror
199,199,Short,Hyde,2015.0,9.0,tt4412338,Horror
200,200,Short,Getting Ready for a Lunch Date,2015.0,6.0,tt4411554,Horror
201,201,Movie,Who? What? Where? Wolf!!!,2016.0,,tt5330902,Horror
202,202,Short,Tutorial,2016.0,3.0,tt5330854,Horror
203,203,Short,Friends Forever,2016.0,,tt5331612,Horror
204,204,Short,Koritsia tis thalassas,2016.0,9.0,tt5333132,Horror
205,205,Short,The Call of Charlie,2016.0,8.0,tt5334598,Horror
206,206,Short,The Existential Zombie,2016.0,1.0,tt5333890,Horror
207,207,Short,She,2016.0,10.0,tt5334102,Horror
208,208,TV Movie,Die Geur van Appelkose,2016.0,,tt5338346,Horror
209,209,Short,Thrust of the Blade,2016.0,4.0,tt5337414,Horror
210,210,Movie,Aurora,2016.0,,tt5341128,Horror
211,211,Short,The Devilman,2016.0,,tt5341078,Horror
212,212,Movie,The spirit chaser,2016.0,,tt5340542,Horror
213,213,Movie,Zoombies,2016.0,10.0,tt5340882,Horror
214,214,Short,The Hand. Return,2016.0,1.0,tt5341538,Horror
215,215,Short,Slayer A.D.,2016.0,5.0,tt5342520,Horror
216,216,Short,"Eternal Coma, 1994",2016.0,6.0,tt5342196,Horror
217,217,Short,The Puppet Man,2016.0,1.0,tt5340864,Horror
218,218,Movie,Exscind,2016.0,,tt5343730,Horror
219,219,Short,Staged,2016.0,10.0,tt5344394,Horror
220,220,Movie,Patient Seven,2020.0,7.0,tt5345298,Horror
221,221,Short,Divination,2016.0,1.0,tt5350044,Horror
222,222,Movie,Gritos del Monday,2016.0,4.0,tt5350098,Horror
223,223,Movie,Çagrilan,2016.0,2.0,tt5352034,Horror
224,224,Short,Circles,2016.0,1.0,tt5350688,Horror
225,225,Short,Dusty,2016.0,1.0,tt5353006,Horror
226,226,Movie,Vile Prey,2016.0,10.0,tt5352998,Horror
227,227,Short,Flamingo,2016.0,3.0,tt5355360,Horror
228,228,Movie,Lake on Fire,2016.0,1.0,tt5354458,Horror
229,229,Short,Captured,2017.0,10.0,tt5851592,Horror
230,230,Movie,Sacrilege,2017.0,5.0,tt5848862,Horror
231,231,Movie,Kodomo tsukai,2017.0,6.0,tt5856116,Horror
232,232,Movie,The Doll Master,2018.0,3.0,tt5856594,Horror
233,233,Movie,The Atoning,2017.0,9.0,tt5854198,Horror
234,234,Short,Agatha,2017.0,10.0,tt5860750,Horror
235,235,Short,I Contacted Poison Control,2017.0,3.0,tt5862836,Horror
236,236,Movie,Sleep No More,2018.0,10.0,tt5861882,Horror
237,237,Short,Wettlaufers Widow,2017.0,10.0,tt5859042,Horror
238,238,Movie,Verónica,2018.0,2.0,tt5862312,Horror
239,239,Short,Eddie,2017.0,7.0,tt5858234,Horror
240,240,Movie,Fagyott május,2017.0,5.0,tt5863822,Horror
241,241,Short,Svarta Madam,2017.0,2.0,tt5868058,Horror
242,242,Short,Over the Fairy Hill,2017.0,3.0,tt5862464,Horror
243,243,Movie,O Vídeo 2,2017.0,11.0,tt5871412,Horror
244,244,Short,Orpheum,2017.0,4.0,tt5867404,Horror
245,245,Movie,Attack of the Adult Babies,2017.0,9.0,tt5871318,Horror
246,246,Short,Birthday,2018.0,4.0,tt5869246,Horror
247,247,Short,Into the Black,2017.0,,tt5866170,Horror
248,248,Short,Lunch Box,2017.0,10.0,tt5873448,Horror
249,249,Movie,The City of Gold,2018.0,12.0,tt4113346,Horror
250,250,Movie,CobraGator,2018.0,,tt4155680,Horror
251,251,Movie,3:15 am,2018.0,10.0,tt4161376,Horror
252,252,Movie,Bacao,2018.0,6.0,tt4157484,Horror
253,253,Movie,Inner Ghosts,2020.0,3.0,tt4177670,Horror
254,254,Movie,Black Pumpkin,2020.0,12.0,tt4180532,Horror
255,255,Short,Malacostraca,2018.0,9.0,tt4185538,Horror
256,256,Movie,Achoura,2020.0,2.0,tt4188180,Horror
257,257,Short,Hunted: Outbreak,2018.0,,tt4187646,Horror
258,258,Movie,Exit 14,2018.0,12.0,tt4202970,Horror
259,259,Movie,Moma's Spirit,2018.0,3.0,tt4203788,Horror
260,260,Movie,Something in the Dark,2018.0,10.0,tt4204450,Horror
261,261,Short,Ghost Walks,2018.0,1.0,tt4208978,Horror
262,262,Movie,Virus of the Dead,2018.0,11.0,tt4225092,Horror
263,263,Movie,Eat Me,2018.0,3.0,tt4229864,Horror
264,264,Movie,The Key and the Answer,2018.0,,tt4259842,Horror
265,265,Movie,The Snarling,2018.0,10.0,tt4263780,Horror
266,266,Short,Ben: The Movie,2018.0,10.0,tt4266102,Horror
267,267,Movie,La nuit a dévoré le monde,2018.0,3.0,tt4266076,Horror
268,268,Movie,Seven Stages to Achieve Eternal Bliss by Passing Through the Gateway Chosen by the Holy Storsh,2020.0,3.0,tt4270452,Horror
269,269,Movie,Seven in Heaven,2018.0,10.0,tt4269118,Horror
270,270,Movie,Chuck Steel: Night of the Trampires,2021.0,10.0,tt4278346,Horror
271,271,Movie,West of Hell,2018.0,6.0,tt4287470,Horror
272,272,Movie,The Iced Hunter,2018.0,5.0,tt4305160,Horror
273,273,Movie,American Exorcist,2018.0,10.0,tt4312842,Horror
274,274,Movie,Blackout,2018.0,3.0,tt4335614,Horror
275,275,Movie,The Beast of Calvary Creek,2018.0,1.0,tt4352538,Horror
276,276,Movie,Hide in the Light,2018.0,10.0,tt4369136,Horror
277,277,Short,Seen,2018.0,10.0,tt4368570,Horror
278,278,Movie,Blood Vow,2018.0,1.0,tt4372084,Horror
279,279,Movie,Mulgoe,2018.0,9.0,tt4374286,Horror
280,280,Movie,Pumpkins,2018.0,1.0,tt4381382,Horror
281,281,Movie,Finding GrassMan,2018.0,3.0,tt4404206,Horror
282,282,Movie,Slice,2018.0,9.0,tt4411234,Horror
283,283,Movie,The Spiritualist,2018.0,10.0,tt4418152,Horror
284,284,Movie,Boogeyman Pop,2018.0,6.0,tt4422886,Horror
285,285,Movie,Island of the Dolls,2018.0,10.0,tt4423788,Horror
286,286,Movie,Aux,2018.0,3.0,tt4443974,Horror
287,287,Movie,Killing Joan,2018.0,4.0,tt4454834,Horror
288,288,Movie,In Memory Of,2018.0,6.0,tt4457008,Horror
289,289,Short,I Think You Should Flee,2018.0,12.0,tt4472982,Horror
290,290,Movie,Necronomicón,2018.0,3.0,tt4491146,Horror
291,291,Movie,Rumah Belanda,2018.0,1.0,tt4504144,Horror
292,292,Movie,Bigfoot,2018.0,8.0,tt4503112,Horror
293,293,Movie,Tainted Love,2018.0,2.0,tt4507566,Horror
294,294,Movie,Headgame,2018.0,2.0,tt4518962,Horror
295,295,Short,A Novel Tale of Grave Danger,2018.0,12.0,tt4516814,Horror
296,296,Movie,Darkness Reigns,2018.0,7.0,tt4520518,Horror
297,297,Movie,Overlord,2018.0,11.0,tt4530422,Horror
298,298,Movie,Kembalinya Anak Iblis,2019.0,9.0,tt10768346,Horror
299,299,Short,Locker,2019.0,5.0,tt10767566,Horror
300,300,Movie,La llorona,2020.0,6.0,tt10767168,Horror
301,301,Short,Unity,2019.0,7.0,tt10767384,Horror
302,302,Movie,Slaughterhouse Slumber Party,2019.0,8.0,tt10771232,Horror
303,303,Short,The Slit-Mouthed Woman,2019.0,3.0,tt10771014,Horror
304,304,Short,Punisher,2019.0,5.0,tt10771492,Horror
305,305,Short,Dibbuk,2019.0,7.0,tt10772310,Horror
306,306,Short,A Haunting at The Octagon Mansion,2019.0,8.0,tt10772508,Horror
307,307,Short,Birds of a Feather,2019.0,6.0,tt10773246,Horror
308,308,Short,It Whispers,2019.0,10.0,tt10772348,Horror
309,309,Short,Violeta,2019.0,10.0,tt10772728,Horror
310,310,Short,Gray Matters,2019.0,9.0,tt10772994,Horror
311,311,Short,By Night's End,2019.0,8.0,tt10771344,Horror
312,312,Movie,Texas Death Trippin',2019.0,12.0,tt10772304,Horror
313,313,Short,I Want Mommy,2019.0,7.0,tt10773386,Horror
314,314,Short,Maledictus,2019.0,8.0,tt10777280,Horror
315,315,Movie,Alyti,2020.0,9.0,tt10776598,Horror
316,316,Short,Vacant Rooms,2019.0,7.0,tt10774576,Horror
317,317,Short,The Fork,2019.0,10.0,tt10777088,Horror
318,318,Short,Ashes,2019.0,7.0,tt10776436,Horror
319,319,Short,Return To Haddonfield,2019.0,10.0,tt10776702,Horror
320,320,Short,Hora de cenar,2019.0,8.0,tt10777296,Horror
321,321,Short,The Ferryman,2019.0,,tt10778584,Horror
322,322,Short,Locked In,2019.0,10.0,tt10786718,Horror
323,323,Short,Blackface,2019.0,4.0,tt10783516,Horror
324,324,Movie,Insight of Evil 2: Vengeance,2019.0,10.0,tt10783080,Horror
325,325,Short,Legend of Takawa,2019.0,12.0,tt10787718,Horror
326,326,Short,My Boyfriend the Boogeyman,2019.0,,tt10787274,Horror
327,327,Short,The Hitchhiker,2019.0,6.0,tt10785206,Horror
328,328,Short,The Painter,2020.0,4.0,tt12234750,Horror
329,329,Short,Clowning Around,2020.0,4.0,tt12235836,Horror
330,330,Short,From Outside,2020.0,4.0,tt12236310,Horror
331,331,Short,FEIC - Fonti eminenti inconfutabili confermano,2020.0,9.0,tt12239222,Horror
332,332,Short,Momma,2020.0,5.0,tt12236288,Horror
333,333,Short,Widow Maker: The Soul-Sucking Dog,2020.0,4.0,tt12236242,Horror
334,334,Short,Critical Perfection,2020.0,10.0,tt12237116,Horror
335,335,Short,"Don't Worry, You Don't Exist",2020.0,4.0,tt12241238,Horror
336,336,Short,Alone,2020.0,4.0,tt12239042,Horror
337,337,Short,Nederlands-Engels Woordenboek,2020.0,4.0,tt12239128,Horror
338,338,Short,Capture,2020.0,5.0,tt12242936,Horror
339,339,Short,Catalyst,2020.0,4.0,tt12241482,Horror
340,340,Short,Tapes,2020.0,5.0,tt12244152,Horror
341,341,Short,Strange Encounters,2020.0,5.0,tt12245806,Horror
342,342,Short,Bite Me,2020.0,5.0,tt12244390,Horror
343,343,Short,Plu-ral,2020.0,4.0,tt12244676,Horror
344,344,Short,Toby Doll,2020.0,5.0,tt12245110,Horror
345,345,Short,In My Name,2020.0,3.0,tt12245768,Horror
346,346,Short,Domain,2020.0,4.0,tt12247826,Horror
347,347,Short,Watching You,2020.0,3.0,tt12245872,Horror
348,348,Short,Peer,2020.0,4.0,tt12246836,Horror
349,349,Short,Envy,2020.0,4.0,tt12249036,Horror
350,350,Movie,Life.,2021.0,5.0,tt14165710,Horror
351,351,Short,Fame Fatale,2021.0,,tt14164708,Horror
352,352,Short,"Night, Night, Baby 3: Goodnight Forever",2021.0,8.0,tt14168392,Horror
353,353,Short,Gold Coins,2021.0,3.0,tt14168888,Horror
354,354,Movie,Grindsploitation 9,2021.0,2.0,tt14170458,Horror
355,355,Movie,IRUL: Ghost Hotel,2021.0,3.0,tt14170178,Horror
356,356,Short,No Return,2021.0,3.0,tt14170108,Horror
357,357,Short,A Chamada,2021.0,3.0,tt14172656,Horror
358,358,Short,Emory Woods,2021.0,,tt14175438,Horror
359,359,Short,The Pack,2021.0,,tt14172892,Horror
360,360,Movie,Miracle Valley,2022.0,,tt14174586,Horror
361,361,Short,Doppelgänger,2021.0,3.0,tt14174278,Horror
362,362,Short,The Faraway Place,2022.0,11.0,tt19316160,Horror
363,363,Short,Don't Look in the Basement,2022.0,3.0,tt19316712,Horror
364,364,Movie,Haunted Universities 2nd Semester,2022.0,3.0,tt19328882,Horror
365,365,Short,Blood and Black Lace,2022.0,4.0,tt19355610,Horror
366,366,Short,Scream: Fan Film,2022.0,8.0,tt19357018,Horror
367,367,Short,OST,2022.0,4.0,tt19353940,Horror
368,368,Short,Mittel Würffel,2022.0,3.0,tt19354910,Horror
369,369,Short,MORBIUS,2022.0,4.0,tt19356146,Horror
370,370,Movie,Winter of '83,2022.0,4.0,tt19357478,Horror
371,371,Short,Who's There,2022.0,4.0,tt19358828,Horror
372,372,Short,Backrooms Found Footage,2022.0,3.0,tt19359866,Horror
373,373,Short,DIEver,2022.0,5.0,tt19363900,Horror
374,374,Movie,No: 26 Ölüm Çigligi,2022.0,4.0,tt19357830,Horror
375,375,Short,Hide and Seek,2022.0,4.0,tt19364200,Horror
376,376,Movie,Iblis: Karanligin Sahibi,2022.0,4.0,tt19357834,Horror
377,377,Short,Aranya Sen,2022.0,3.0,tt19365024,Horror
378,378,Short,The Cleansing,2022.0,5.0,tt19365498,Horror
379,379,Movie,Piranha Women,2022.0,6.0,tt19365926,Horror
380,380,Short,Erecting A Monster,2022.0,5.0,tt19367438,Horror
381,381,Short,Terroir,2022.0,12.0,tt19369392,Horror
382,382,Short,Peripheral,2022.0,10.0,tt19369570,Horror
383,383,Movie,RiffTrax: Zombie Nightmare,2022.0,4.0,tt19369784,Horror
384,384,Movie,The Killer Balloon,2022.0,4.0,tt19370248,Horror
385,385,Movie,Trash Juice,2022.0,10.0,tt19370780,Horror
386,386,Short,Wanna Play A Game,2022.0,1.0,tt19369296,Horror
387,387,Short,The knifemare,2022.0,3.0,tt19365404,Horror
388,388,Movie,Day 66,2023.0,5.0,tt27811641,Horror
389,389,Movie,Wicked Fright,2023.0,5.0,tt27812098,Horror
390,390,Movie,The Poors,2023.0,5.0,tt27812638,Horror
391,391,Short,Ghunghroo,2023.0,5.0,tt27812992,Horror
392,392,Short,Slumber Hunger,2023.0,5.0,tt27813558,Horror
393,393,Short,Beholder,2023.0,5.0,tt27814965,Horror
394,394,Short,GhostGame,2023.0,5.0,tt27817365,Horror
395,395,Movie,Vloek: kutukan,2023.0,8.0,tt27818377,Horror
396,396,Short,Noctambule,2023.0,9.0,tt27818862,Horror
397,397,Short,Tape X,2023.0,5.0,tt27825585,Horror
398,398,Short,A nap...,2023.0,5.0,tt27826966,Horror
399,399,Short,Paradise Hell,2023.0,1.0,tt27829138,Horror
400,400,Movie,Barbatachtian 5: Alive,2023.0,4.0,tt27829251,Horror
401,401,Movie,Mansplained,2023.0,9.0,tt27829732,Horror
402,402,Short,Blackwater,2023.0,4.0,tt27830338,Horror
403,403,Movie,The Hand,2023.0,6.0,tt27830625,Horror
404,404,Short,Perfect Match,2023.0,2.0,tt27831431,Horror
0,0,Movie,Meera Ka Mohan,1992.0,2.0,tt0378343,Romance
1,1,Movie,Sana kahit minsan,1992.0,6.0,tt0385212,Romance
2,2,Movie,Qaid Mein Hai Bulbul,1992.0,3.0,tt0390400,Romance
3,3,Movie,Boy Friend,1993.0,10.0,tt0395480,Romance
4,4,Movie,Kanmani,1994.0,1.0,tt0317807,Romance
5,5,Movie,Pehla Pehla Pyar,1994.0,5.0,tt0317985,Romance
6,6,Movie,Amor que mata,1994.0,10.0,tt0318984,Romance
7,7,Movie,Rasigan,1994.0,7.0,tt0331642,Romance
8,8,Movie,Headphoneul beosheora,1994.0,6.0,tt0333547,Romance
9,9,Movie,Pinkbit gangtong,1994.0,1.0,tt0334113,Romance
10,10,Movie,Nuga naleul michige haneunga,1995.0,9.0,tt0285804,Romance
11,11,Movie,Haqeeqat,1995.0,12.0,tt0286672,Romance
12,12,Movie,Tranzito,1995.0,3.0,tt0289575,Romance
13,13,Movie,Endoresu warutsu,1995.0,10.0,tt0291149,Romance
14,14,Movie,I zoi enamisy hiliariko,1996.0,5.0,tt0292387,Romance
15,15,Movie,Vizio e provocazione,1995.0,,tt0295539,Romance
16,16,Movie,Kirot 2,1995.0,,tt0301512,Romance
17,17,Movie,Sri Krishnarjuna Vijayam,1996.0,5.0,tt0267950,Romance
18,18,Movie,Jincha sanai,1996.0,4.0,tt0272681,Romance
19,19,Movie,Istanbul Kanatlarimin Altinda,1996.0,3.0,tt0272142,Romance
20,20,Movie,Udyanapalakan,1996.0,12.0,tt0271849,Romance
21,21,TV Movie,D'amour et d'eau salée,1996.0,8.0,tt0273163,Romance
22,22,Movie,Kaathil Oru Kinnaram,1996.0,7.0,tt0275441,Romance
23,23,TV Movie,Un homme,1997.0,6.0,tt0219371,Romance
24,24,Movie,Flames: The Movie,1997.0,7.0,tt0216753,Romance
25,25,Movie,Mohabbat,1997.0,9.0,tt0217660,Romance
26,26,Movie,Sled kraja na sveta,1998.0,11.0,tt0206303,Romance
27,27,TV Movie,Wuthering Heights,1998.0,4.0,tt0204744,Romance
28,28,Movie,Doli Saja Ke Rakhna,1998.0,11.0,tt0207415,Romance
29,29,Movie,Prem Aggan,1998.0,10.0,tt0210920,Romance
30,30,Movie,Bun siu hai,1999.0,12.0,tt0241222,Romance
31,31,Short,Dolphins,2000.0,4.0,tt0240457,Romance
32,32,Movie,Shôjo kakumei Utena: Adolescence mokushiroku,1999.0,8.0,tt0243558,Romance
33,33,TV Movie,Liebe versetzt Berge,1999.0,12.0,tt0244037,Romance
34,34,Short,Deadtime,1999.0,10.0,tt0245860,Romance
35,35,Movie,Sirf Tum,1999.0,6.0,tt0244794,Romance
36,36,Movie,Inteha,1999.0,2.0,tt0246701,Romance
37,37,TV Movie,Papa's Angels,2000.0,12.0,tt0263836,Romance
38,38,Movie,Jis Desh Mein Ganga Rehta Hain,2000.0,10.0,tt0263491,Romance
39,39,Movie,Bangkok Dangerous,2002.0,1.0,tt0263101,Romance
40,40,Movie,A kis utazás,2000.0,11.0,tt0265017,Romance
41,41,Movie,Parsley Days,2000.0,9.0,tt0263840,Romance
42,42,TV Movie,One True Love,2000.0,10.0,tt0263817,Romance
43,43,Short,Boychick,2001.0,3.0,tt0287942,Romance
44,44,Short,Wonder,2001.0,10.0,tt0289627,Romance
45,45,TV Movie,Personals: College Girl Seeking...,2001.0,4.0,tt0288730,Romance
46,46,Movie,Say Nothing,2001.0,12.0,tt0288808,Romance
47,47,Movie,Wai See Lee: Lam huet yan,2002.0,3.0,tt0324518,Romance
48,48,TV Movie,Regentage,2002.0,3.0,tt0323788,Romance
49,49,Movie,Romance,2002.0,4.0,tt0323829,Romance
50,50,Movie,Akala mo...,2002.0,5.0,tt0324975,Romance
51,51,Movie,Sam & Janet,2002.0,5.0,tt0323874,Romance
52,52,Movie,Blue,2003.0,3.0,tt0326773,Romance
53,53,Movie,Ya no los hacen como antes,2003.0,5.0,tt0368452,Romance
54,54,Movie,Walang kapalit,2003.0,5.0,tt0368428,Romance
55,55,Movie,Parwana,2003.0,9.0,tt0366880,Romance
56,56,Movie,Hob el banat,2004.0,2.0,tt0366581,Romance
57,57,Movie,Pride and Prejudice,2003.0,12.0,tt0366920,Romance
58,58,Movie,Il posto dell'anima,2003.0,5.0,tt0366915,Romance
59,59,Short,This Car Up,2003.0,4.0,tt0367137,Romance
60,60,TV Movie,Wuthering Heights,2003.0,9.0,tt0367245,Romance
61,61,Movie,Okkadu,2003.0,1.0,tt0366840,Romance
62,62,Movie,Laam seung lui gwong,2004.0,2.0,tt0408981,Romance
63,63,Movie,Muskaan,2004.0,3.0,tt0409068,Romance
64,64,TV Movie,Der Traum vom Süden,2004.0,6.0,tt0410803,Romance
65,65,Movie,Shart: The Challenge,2004.0,8.0,tt0410591,Romance
66,66,Short,Running Without Sound,2004.0,6.0,tt0410536,Romance
67,67,Movie,Slutty Summer,2004.0,6.0,tt0411883,Romance
68,68,Movie,All My Life,2004.0,5.0,tt0411096,Romance
69,69,TV Short,Boy Meets Girl Stories #4: Geen antwoord,2005.0,,tt0452167,Romance
70,70,Movie,Dubai,2005.0,9.0,tt0453040,Romance
71,71,TV Movie,The Dive from Clausen's Pier,2005.0,7.0,tt0452611,Romance
72,72,Movie,Elsa y Fred,2005.0,7.0,tt0453047,Romance
73,73,Movie,Sachein,2005.0,4.0,tt0453201,Romance
74,74,TV Movie,Mama und der Millionär,2005.0,3.0,tt0453515,Romance
75,75,Movie,Cumbia callera,2008.0,10.0,tt0897249,Romance
76,76,Movie,Red: The Dark Side,2007.0,3.0,tt0896968,Romance
77,77,Movie,Oviedo Express,2007.0,10.0,tt0896957,Romance
78,78,Movie,14 Days in Paradise,2007.0,1.0,tt0898887,Romance
79,79,Short,Blue Butterfly,2021.0,9.0,tt10849812,Romance
80,80,Short,Deh Sukh 2,2020.0,5.0,tt10851198,Romance
81,81,Movie,Sayonara made no 30-bun,2020.0,1.0,tt10857048,Romance
82,82,Movie,Womanhood,2020.0,5.0,tt10859670,Romance
83,83,Short,"Sunny, Pomona",2021.0,3.0,tt10869180,Romance
84,84,Movie,In a Sentimental Mood,2021.0,2.0,tt12714422,Romance
85,85,Movie,Infame,,,tt15070914,Romance
86,86,Movie,Askin Gönül Yazisi,2022.0,7.0,tt15072672,Romance
87,87,Movie,Un novio para mi mujer,2022.0,7.0,tt15092772,Romance
88,88,Short,Hatya,2022.0,11.0,tt15094830,Romance
89,89,Movie,Osman Sekiz,2022.0,4.0,tt15114166,Romance
0,0,Movie,82 Bunsho,1995.0,12.0,tt28331529,Thriller
1,1,Movie,Mi mi da zhui sha,1995.0,,tt28660615,Thriller
2,2,TV Movie,Pigilin natin ang dilim,1995.0,,tt28857336,Thriller
3,3,Short,Eight Ball,1999.0,5.0,tt5960506,Thriller
4,4,Short,Eight Ball,1999.0,10.0,tt5964886,Thriller
5,5,Movie,Wait a Minute,1999.0,3.0,tt6257646,Thriller
6,6,TV Movie,Jahan Pyaar Mile,1999.0,1.0,tt6380828,Thriller
7,7,TV Movie,Assassini per caso,1999.0,6.0,tt8659854,Thriller
8,8,Movie,Kureyon Shinchan: Arashi o Yobu Janguru!,2000.0,4.0,tt2180441,Thriller
9,9,Movie,All in Theory,2000.0,12.0,tt2302515,Thriller
10,10,Movie,Primavera di granito,2000.0,,tt2473052,Thriller
11,11,Short,Mensagem,2001.0,8.0,tt2523120,Thriller
12,12,Movie,Mere Aagosh Mein,2000.0,1.0,tt2663796,Thriller
13,13,Movie,The Naked Truth,2000.0,1.0,tt2663784,Thriller
14,14,Movie,Ek Nari Do Roop,2000.0,1.0,tt2663852,Thriller
15,15,Movie,Uff Yeh Nasha,2000.0,1.0,tt2722872,Thriller
16,16,Movie,Empty Mirror,2000.0,7.0,tt2727252,Thriller
17,17,Movie,Sparsha,2000.0,6.0,tt2917334,Thriller
18,18,TV Movie,Dr. Munshir Diary,2000.0,,tt2929826,Thriller
19,19,Short,Dear Father,2001.0,1.0,tt11230238,Thriller
20,20,Movie,X dang an Sha wu she,2001.0,,tt11502648,Thriller
21,21,Movie,Mutham,2002.0,12.0,tt10295786,Thriller
22,22,Movie,Meitantei Conan: Ginyoku no kijutsushi,2004.0,4.0,tt1133559,Thriller
23,23,Movie,Triple Raped,2004.0,,tt11806164,Thriller
24,24,Short,Wednesday Afternoon,2004.0,4.0,tt1183922,Thriller
25,25,Movie,Ab... Bas!,2004.0,11.0,tt1202344,Thriller
26,26,Short,Playing God,2004.0,,tt1223456,Thriller
27,27,Movie,Per giusto omicidio,2004.0,,tt1227171,Thriller
28,28,Short,Suicide Run,2005.0,6.0,tt1033633,Thriller
29,29,TV Movie,Ömer Seyfettin: Perili kösk,2005.0,,tt10345862,Thriller
30,30,Short,Lisa,2005.0,11.0,tt1038040,Thriller
31,31,Movie,13 segundos,2005.0,6.0,tt1043716,Thriller
32,32,Short,Backhand,2005.0,10.0,tt1055268,Thriller
33,33,Short,The Silver Rope,2006.0,11.0,tt0929793,Thriller
34,34,TV Movie,Her Sister's Keeper,2008.0,8.0,tt0930063,Thriller
35,35,Short,Room 36,2007.0,8.0,tt1149402,Thriller
36,36,TV Movie,Second Sight,2008.0,6.0,tt1151400,Thriller
37,37,Movie,3 Days of Darkness,2007.0,12.0,tt1151836,Thriller
38,38,Short,Paper Girl,2007.0,,tt1152279,Thriller
39,39,Short,Le rédempteur,2007.0,11.0,tt1153045,Thriller
40,40,Short,Sebastian & Alan,2007.0,10.0,tt1153048,Thriller
41,41,Short,Oftalmós,2007.0,10.0,tt1155067,Thriller
42,42,Movie,Loop,2007.0,10.0,tt1155062,Thriller
43,43,Movie,Gekijô ban Kara no kyôkai: Dai isshô - Fukan fûkei,2007.0,12.0,tt1155650,Thriller
44,44,Short,The Interrogation,2007.0,11.0,tt11561638,Thriller
45,45,Movie,Green Eyed Monster,2007.0,9.0,tt1156311,Thriller
46,46,Movie,Divar,2008.0,7.0,tt1313108,Thriller
47,47,Movie,25Gs,2008.0,3.0,tt1313225,Thriller
48,48,Movie,Nocturnos,2008.0,8.0,tt1313251,Thriller
49,49,Movie,Rabid Rage,2009.0,11.0,tt1313879,Thriller
50,50,Short,Class Savage,2008.0,11.0,tt1314172,Thriller
51,51,Movie,Ru-Ba-Ru,2008.0,9.0,tt1314367,Thriller
52,52,TV Movie,Troglodyte,2008.0,6.0,tt1314248,Thriller
53,53,Short,Hush,2008.0,9.0,tt1315045,Thriller
54,54,Short,Interpretation,2008.0,11.0,tt1315047,Thriller
55,55,Short,Frozen Seed,2008.0,4.0,tt1315042,Thriller
56,56,Short,El ataque de los robots de nebulosa-5,2008.0,10.0,tt1315346,Thriller
57,57,Movie,Muñeco viviente V,2008.0,11.0,tt1315393,Thriller
58,58,Movie,Christian Blake,2008.0,5.0,tt1316041,Thriller
59,59,Short,Quarto 38,2008.0,9.0,tt1315894,Thriller
60,60,Movie,Trickery Mimicry,2009.0,7.0,tt1316083,Thriller
61,61,Movie,Good People,2008.0,11.0,tt1316053,Thriller
62,62,Short,Tuesday,2009.0,4.0,tt1453448,Thriller
63,63,Short,Blacke Revenant,2009.0,5.0,tt1453955,Thriller
64,64,Short,Dark Heart,2009.0,3.0,tt1453978,Thriller
65,65,Short,Apparition,2009.0,1.0,tt1453949,Thriller
66,66,Movie,Ek: The Power of One,2009.0,3.0,tt1454461,Thriller
67,67,Movie,The Lower Circle,2009.0,5.0,tt1454723,Thriller
68,68,Short,Fueled,2009.0,2.0,tt1454986,Thriller
69,69,Short,Intruder,2009.0,5.0,tt1455082,Thriller
70,70,Short,Faux Finish,2009.0,8.0,tt1454925,Thriller
71,71,Movie,Go Quietly,2009.0,10.0,tt1455012,Thriller
72,72,Short,Lateral Us,2009.0,,tt1455166,Thriller
73,73,Short,Hector Corp.,2009.0,6.0,tt1455635,Thriller
74,74,Movie,Among Thieves,2009.0,4.0,tt1456085,Thriller
75,75,Short,The Cold Day in Hell,2010.0,3.0,tt1646230,Thriller
76,76,Short,6079_Zn,2010.0,5.0,tt1646091,Thriller
77,77,Movie,Periferic,2010.0,8.0,tt1646221,Thriller
78,78,Movie,La casa muda,2011.0,3.0,tt1646973,Thriller
79,79,Short,Vulture,2011.0,5.0,tt1646176,Thriller
80,80,Short,The Raven,2010.0,4.0,tt1646231,Thriller
81,81,Short,The Bird Curse,2010.0,4.0,tt1646943,Thriller
82,82,Movie,Wasted on the Young,2011.0,3.0,tt1647483,Thriller
83,83,Short,In,2011.0,1.0,tt1869486,Thriller
84,84,Movie,Bbuddah... Hoga Terra Baap,2011.0,7.0,tt1869296,Thriller
85,85,Movie,Black Pond,2011.0,11.0,tt1869309,Thriller
86,86,Short,Eye of the Storm,2011.0,3.0,tt1871270,Thriller
87,87,Short,One Shot,2011.0,,tt1869606,Thriller
88,88,Short,Fatale,2011.0,3.0,tt1870393,Thriller
89,89,Short,Maniac,2011.0,10.0,tt1869551,Thriller
90,90,Movie,30 días antes,2012.0,6.0,tt1871997,Thriller
91,91,Short,"ENEMY: In the Deep, Dark Corners",2011.0,1.0,tt1871261,Thriller
92,92,Movie,Revived,2011.0,3.0,tt1872152,Thriller
93,93,Movie,Remains,2013.0,9.0,tt1870527,Thriller
94,94,Movie,Ibn el-Qunsul,2011.0,3.0,tt1872084,Thriller
95,95,Short,Turn,2011.0,3.0,tt1872879,Thriller
96,96,Short,Famous,2011.0,3.0,tt1873556,Thriller
97,97,Short,Instant Message,2011.0,3.0,tt1872814,Thriller
98,98,Short,Heaven Sent,2012.0,6.0,tt2202366,Thriller
99,99,Short,When the Clock Strikes Midnight,2012.0,4.0,tt2201926,Thriller
100,100,TV Movie,Christmas Twister,2012.0,12.0,tt2202798,Thriller
101,101,Short,Distants,2012.0,8.0,tt2201810,Thriller
102,102,Movie,Stalker,2012.0,4.0,tt2202579,Thriller
103,103,Short,Code 72,2012.0,8.0,tt2203765,Thriller
104,104,Movie,¡Atraco!,2012.0,8.0,tt2203951,Thriller
105,105,Short,Hiccup,2012.0,7.0,tt2204108,Thriller
106,106,Short,Emily,2012.0,5.0,tt2204924,Thriller
107,107,Short,Beneath the Ink,2012.0,2.0,tt2202389,Thriller
108,108,Short,Offeret,2012.0,2.0,tt2203859,Thriller
109,109,Short,Shallow,2012.0,12.0,tt2203808,Thriller
110,110,Short,Some of Angela,2012.0,7.0,tt2203842,Thriller
111,111,Movie,Kobieta Plus Drzewo,2012.0,2.0,tt2204283,Thriller
112,112,Short,Sins,2013.0,6.0,tt2693018,Thriller
113,113,Short,Follow,2013.0,3.0,tt2697770,Thriller
114,114,Short,Wishful Thinking,2013.0,2.0,tt2698106,Thriller
115,115,Movie,Final Offense,2013.0,4.0,tt2698206,Thriller
116,116,Movie,John Day,2013.0,9.0,tt2699840,Thriller
117,117,Short,The Necklace,2013.0,9.0,tt2699762,Thriller
118,118,Short,Rough Waters,2013.0,3.0,tt2700772,Thriller
119,119,Short,Back Up,2015.0,3.0,tt2700558,Thriller
120,120,Short,OperHator,2013.0,2.0,tt2701088,Thriller
121,121,Movie,A Shameless Revenge,2013.0,2.0,tt2700466,Thriller
122,122,Short,Broken Knuckles,2013.0,8.0,tt2705192,Thriller
123,123,Movie,2013: Holocaust,2013.0,5.0,tt2697322,Thriller
124,124,Movie,Jinrui shikin,2013.0,10.0,tt2700114,Thriller
125,125,Short,Devil's Corner,2014.0,5.0,tt3361808,Thriller
126,126,TV Movie,Tin Man,2014.0,,tt3361794,Thriller
127,127,Short,Joy Burn,2014.0,5.0,tt3361182,Thriller
128,128,Movie,Necrofobia,2013.0,11.0,tt3360828,Thriller
129,129,TV Movie,Client Seduction,2014.0,9.0,tt3364316,Thriller
130,130,TV Movie,Sorority Surrogate,2014.0,3.0,tt3366000,Thriller
131,131,Movie,5,2016.0,1.0,tt3370900,Thriller
132,132,Short,Nona,2014.0,11.0,tt3369826,Thriller
133,133,TV Movie,Killing Daddy,2014.0,7.0,tt3368814,Thriller
134,134,Movie,The Truth,2014.0,5.0,tt3371582,Thriller
135,135,Movie,Purgatorio,2014.0,4.0,tt3374866,Thriller
136,136,Short,Where Is Alice?,2014.0,4.0,tt3373912,Thriller
137,137,Short,The Dark,2014.0,8.0,tt3376648,Thriller
138,138,Movie,Ithu Charuvoda Dating,2014.0,1.0,tt3376252,Thriller
139,139,Short,Compass Rose,2014.0,4.0,tt3379232,Thriller
140,140,Short,Gone in the Dark,2014.0,3.0,tt3377796,Thriller
141,141,Short,Tangled Wire,2014.0,1.0,tt3378362,Thriller
142,142,Movie,Venial,2014.0,4.0,tt3377886,Thriller
143,143,Short,Norman Hyde,2014.0,10.0,tt3381468,Thriller
144,144,Short,Water,2014.0,,tt3381570,Thriller
145,145,Movie,Curse of Mesopotamia,2015.0,11.0,tt3883976,Thriller
146,146,Short,Xanadu,2015.0,12.0,tt3883454,Thriller
147,147,Short,A Boy Named Bellamy,2015.0,7.0,tt3888418,Thriller
148,148,Movie,Kadavul Paathi Mirugam Paathi,2015.0,3.0,tt3885704,Thriller
149,149,Movie,Night Fare,2016.0,1.0,tt3889166,Thriller
150,150,Movie,Tiger Lily,2017.0,12.0,tt3889100,Thriller
151,151,Movie,Franklin: A Symphony of Pain,2015.0,1.0,tt3884666,Thriller
152,152,Short,Mae Day,2015.0,3.0,tt3889644,Thriller
153,153,Short,Lights Out,2015.0,5.0,tt3891580,Thriller
154,154,Short,Revolve,2015.0,5.0,tt3891920,Thriller
155,155,Movie,Mile End,2017.0,4.0,tt3893826,Thriller
156,156,Movie,Ellos Volvieron,2015.0,1.0,tt3894340,Thriller
157,157,Short,Depth of a Dark Side,2015.0,2.0,tt3898080,Thriller
158,158,Movie,Gone Tomorrow,2017.0,,tt3899070,Thriller
159,159,Movie,Savageland,2020.0,5.0,tt3899154,Thriller
160,160,Movie,Madison Lane,2015.0,6.0,tt3898244,Thriller
161,161,Short,Sons of the Wicked,2015.0,,tt3899380,Thriller
162,162,Movie,Last Pickup,2016.0,11.0,tt3895838,Thriller
163,163,Short,Madam Trigger,2015.0,2.0,tt3893926,Thriller
164,164,TV Movie,Sharknado 3: Oh Hell No!,2015.0,7.0,tt3899796,Thriller
165,165,Short,Bird Watching,2015.0,4.0,tt3901012,Thriller
166,166,TV Movie,Her Infidelity,2015.0,9.0,tt3905756,Thriller
167,167,Short,Loss,2015.0,1.0,tt3901818,Thriller
168,168,Short,For Jean-Pierre Melville,2015.0,11.0,tt3901162,Thriller
169,169,Movie,Sendero,2015.0,10.0,tt3901962,Thriller
170,170,Movie,Saving Dreams,2016.0,9.0,tt4813906,Thriller
171,171,Movie,Inside Scarlett,2016.0,4.0,tt4809254,Thriller
172,172,Movie,Apocalypse Road,2017.0,12.0,tt4815204,Thriller
173,173,Movie,Here Alone,2017.0,5.0,tt4814760,Thriller
174,174,Movie,Te3n,2016.0,6.0,tt4814290,Thriller
175,175,Short,Ectoplasm,2016.0,6.0,tt4817500,Thriller
176,176,Short,A Beautiful Mess,2016.0,6.0,tt4818474,Thriller
177,177,Movie,Lens,2017.0,5.0,tt4818776,Thriller
178,178,Movie,Good Tidings,2016.0,12.0,tt4823524,Thriller
179,179,Movie,Zhen xiang jin qu,2016.0,1.0,tt4828680,Thriller
180,180,Short,Break in at Sam Palmer's House,2016.0,1.0,tt4832364,Thriller
181,181,Movie,Scattered,2016.0,4.0,tt4827246,Thriller
182,182,Short,Dean's Well,2016.0,,tt4829642,Thriller
183,183,Movie,Inches from the Ground,2016.0,3.0,tt4828600,Thriller
184,184,Short,Promotion,2016.0,1.0,tt4829108,Thriller
185,185,TV Movie,Sharknado 4: The 4th Awakens,2017.0,1.0,tt4831420,Thriller
186,186,Movie,The Loner,2016.0,4.0,tt4831810,Thriller
187,187,Short,Blank Face,2016.0,3.0,tt4835102,Thriller
188,188,Short,Soldier Bee,2016.0,10.0,tt4835318,Thriller
189,189,Movie,Purasangre,2016.0,1.0,tt4835926,Thriller
190,190,Short,Four Walls,2016.0,1.0,tt4835804,Thriller
191,191,Movie,No Good Heroes,2018.0,7.0,tt4839414,Thriller
192,192,Short,Lioness,2016.0,6.0,tt4840298,Thriller
193,193,Movie,"Flickan, mamman och demonerna",2016.0,4.0,tt4841464,Thriller
194,194,Short,Taste,2016.0,2.0,tt4839430,Thriller
195,195,Movie,MiddleMan,2018.0,6.0,tt4835894,Thriller
196,196,Short,Only She Knows,2016.0,1.0,tt4836052,Thriller
197,197,Short,Night Shifts,2016.0,2.0,tt4836384,Thriller
198,198,Short,Jake,2016.0,6.0,tt4836794,Thriller
199,199,Movie,Enemy Within,2016.0,9.0,tt4837396,Thriller
200,200,Short,Yassine Movie,2016.0,3.0,tt4837290,Thriller
201,201,Short,Emily and the Lightning,2016.0,4.0,tt4839432,Thriller
202,202,Movie,An Idle Mind Is the Devil's Playground,2016.0,4.0,tt4843318,Thriller
203,203,Short,Blood is a prisoner,2016.0,2.0,tt4845720,Thriller
204,204,Short,My Father Has a Choice,2017.0,,tt4844176,Thriller
205,205,Movie,Jasper Jones,2017.0,3.0,tt5091014,Thriller
206,206,Movie,M.F.A.,2017.0,10.0,tt5091530,Thriller
207,207,Movie,O lyubvi,2017.0,3.0,tt5091108,Thriller
208,208,Movie,Watch the Sunset,2019.0,8.0,tt5094040,Thriller
209,209,Movie,Echoes of the Passed,2017.0,,tt5095194,Thriller
210,210,Short,Cold Brass,2017.0,4.0,tt5094914,Thriller
211,211,Movie,Kyrsyä - Tuftland,2018.0,4.0,tt5104330,Thriller
212,212,Movie,Ghost Note,2017.0,8.0,tt5109302,Thriller
213,213,Movie,One Under the Sun,2017.0,3.0,tt5110386,Thriller
214,214,Movie,Super Dark Times,2017.0,9.0,tt5112578,Thriller
215,215,Movie,Noctem,2017.0,5.0,tt5111550,Thriller
216,216,Short,Cassette,2017.0,5.0,tt5112462,Thriller
217,217,Movie,The Keeping Hours,2018.0,7.0,tt5114154,Thriller
218,218,Movie,Veras Mantel,2017.0,2.0,tt5113868,Thriller
219,219,Movie,Adam,2017.0,,tt5118062,Thriller
220,220,Movie,Perfect sãnãtos,2017.0,9.0,tt5120010,Thriller
221,221,Movie,Alien Shadows,2017.0,12.0,tt5118616,Thriller
222,222,Movie,Pyewacket,2018.0,3.0,tt5119116,Thriller
223,223,Movie,True to the Game,2017.0,9.0,tt5116504,Thriller
224,224,Movie,El bar,2017.0,3.0,tt5121816,Thriller
225,225,Movie,Vo veki vechnye,2017.0,3.0,tt5125582,Thriller
226,226,Movie,A Good Dream,2017.0,7.0,tt5126730,Thriller
227,227,Short,Stand Up,2017.0,3.0,tt5125668,Thriller
228,228,Movie,O Animal Cordial,2018.0,8.0,tt5126274,Thriller
229,229,Short,Awakening,2017.0,4.0,tt5127812,Thriller
230,230,Short,A Simple Job,2017.0,11.0,tt5127918,Thriller
231,231,Short,Hitchhiker,2017.0,9.0,tt5136540,Thriller
232,232,Movie,Skinford,2017.0,3.0,tt5136686,Thriller
233,233,Movie,Xenophilia,2017.0,12.0,tt5139394,Thriller
234,234,Short,The Good Machine,2017.0,5.0,tt5140226,Thriller
235,235,Movie,Annabelle: Creation,2017.0,8.0,tt5140878,Thriller
236,236,Short,Triangle,2017.0,9.0,tt5141620,Thriller
237,237,Short,The Dissection of Jack & Jill,2017.0,8.0,tt5142086,Thriller
238,238,Short,Seth,2016.0,12.0,tt5143110,Thriller
239,239,Movie,12 Feet Deep,2017.0,6.0,tt5143226,Thriller
240,240,Short,Smoke,2017.0,10.0,tt5143926,Thriller
241,241,Short,Lost in Tokyo,2017.0,7.0,tt5150426,Thriller
242,242,Short,Reverend,2017.0,5.0,tt5147510,Thriller
243,243,Movie,Illicit,2017.0,5.0,tt5152606,Thriller
244,244,Movie,The Discovery,2017.0,3.0,tt5155780,Thriller
245,245,Movie,Escape Room,2017.0,11.0,tt5159414,Thriller
246,246,Movie,Nibunan,2017.0,7.0,tt5159408,Thriller
247,247,Movie,Nightworld,2017.0,10.0,tt5157052,Thriller
248,248,Movie,The Scenic Route,2018.0,9.0,tt13242792,Thriller
249,249,Short,Dogface,2018.0,,tt13256150,Thriller
250,250,Short,Paradise,2018.0,12.0,tt13273558,Thriller
251,251,Short,Nightswims,2018.0,7.0,tt13279128,Thriller
252,252,Short,Iniquitous Interrogation,2018.0,8.0,tt13316130,Thriller
253,253,Short,Interior,2018.0,6.0,tt13323766,Thriller
254,254,Short,Sweet Like Poison,2018.0,6.0,tt13331612,Thriller
255,255,Short,Valentine Day Ka Side Effect,2018.0,2.0,tt13346998,Thriller
256,256,Short,Reflection,2018.0,8.0,tt13363622,Thriller
257,257,Short,Obscurity,2018.0,3.0,tt13369410,Thriller
258,258,Short,L'oscura presenza - Prologo,2018.0,6.0,tt13374328,Thriller
259,259,Short,Run for Your Life,2018.0,7.0,tt13380636,Thriller
260,260,Movie,Werewolf Game: Prison Break,2018.0,5.0,tt13445838,Thriller
261,261,Short,Wost Prom Ever,2018.0,5.0,tt13476294,Thriller
262,262,Short,The Man in the Bowler Hat,2018.0,2.0,tt13483994,Thriller
263,263,Movie,Kesikbas,2018.0,12.0,tt13485508,Thriller
264,264,Movie,Vefk: Ölüm çagirdi,2018.0,11.0,tt13486272,Thriller
265,265,Short,Celebr8,2018.0,10.0,tt13490714,Thriller
266,266,Short,Woke,2018.0,12.0,tt13490422,Thriller
267,267,Short,The Parable of Allison,2019.0,,tt10488438,Thriller
268,268,Short,Entanglement,2019.0,6.0,tt10492754,Thriller
269,269,Movie,"The Woe Land Saga, Chapter 1: ingrID",2019.0,8.0,tt10492778,Thriller
270,270,Short,I Love You,2019.0,6.0,tt10494498,Thriller
271,271,Short,Dream_Girl,2019.0,6.0,tt10495404,Thriller
272,272,Movie,Casablanca,2019.0,6.0,tt10497826,Thriller
273,273,Short,The Devil She Knows,2019.0,4.0,tt10498850,Thriller
274,274,Movie,Annabellum: The Curse of Salem,2019.0,8.0,tt10498810,Thriller
275,275,Movie,Hamlet Pheroun,2019.0,7.0,tt10497516,Thriller
276,276,Movie,Caliche Run,2019.0,9.0,tt10499108,Thriller
277,277,Short,The Amazing World of Emma,2019.0,8.0,tt10498478,Thriller
278,278,Short,Alternate,2019.0,6.0,tt10499936,Thriller
279,279,Movie,Midnight Ruins,2019.0,4.0,tt10497914,Thriller
280,280,Short,Guilt,2019.0,9.0,tt10499300,Thriller
281,281,Short,The Factory at Echo Lake,2019.0,4.0,tt10503012,Thriller
282,282,Short,Morally Relativistic,2020.0,2.0,tt11750326,Thriller
283,283,Movie,Voces,2020.0,11.0,tt11750282,Thriller
284,284,Movie,Tarung Sarung,2020.0,12.0,tt11749980,Thriller
285,285,Short,Die Waschmaschine,2020.0,3.0,tt11747978,Thriller
286,286,Movie,The Mountain Kings,2020.0,7.0,tt11750260,Thriller
287,287,Short,The Rift - Candidate 23,2020.0,2.0,tt11749482,Thriller
288,288,Short,Tick Tick Tick,2020.0,2.0,tt11752970,Thriller
289,289,Short,The Instrument,2020.0,,tt11756502,Thriller
290,290,Short,Friend,2020.0,10.0,tt11755386,Thriller
291,291,Short,Unleash the Rage,2020.0,2.0,tt11757782,Thriller
292,292,Short,Freeze Your Brain,2020.0,3.0,tt11758948,Thriller
293,293,Short,Hannah & the Friend Zone,2020.0,2.0,tt11759580,Thriller
294,294,Short,Dispute - II A film by mirzamlk,2020.0,2.0,tt11761284,Thriller
295,295,Short,Half the Man,2020.0,,tt11759182,Thriller
296,296,Short,Sam,2020.0,,tt11761282,Thriller
297,297,Short,Harassed,2020.0,1.0,tt11761850,Thriller
298,298,Short,f/0,2020.0,1.0,tt11760210,Thriller
299,299,Movie,BIR,2020.0,2.0,tt11760270,Thriller
300,300,Movie,White Noise,2021.0,12.0,tt13786562,Thriller
301,301,Movie,Yug the law of karma,2021.0,1.0,tt13788046,Thriller
302,302,Short,Season of the Worm,2021.0,6.0,tt13786492,Thriller
303,303,Movie,Outlier,2021.0,11.0,tt13793884,Thriller
304,304,Short,Rare,2021.0,2.0,tt13793000,Thriller
305,305,Movie,The 2nd Wave,2021.0,2.0,tt13793428,Thriller
306,306,Movie,The Last Two Days,2021.0,5.0,tt13796242,Thriller
307,307,Movie,Bumper Policy,2022.0,2.0,tt16912492,Thriller
308,308,Short,Regalo,2022.0,4.0,tt16951398,Thriller
309,309,Movie,Non-Disclosure,2022.0,2.0,tt16954632,Thriller
310,310,Short,The Replacements,2022.0,1.0,tt16960952,Thriller
311,311,Movie,Gangs of 18,2022.0,,tt16965118,Thriller
312,312,Movie,Daddy's Little Nightmare,2022.0,1.0,tt16967964,Thriller
313,313,Short,Night at the Neptune,2022.0,,tt16968426,Thriller
314,314,Short,Lesion,2022.0,12.0,tt16968876,Thriller
315,315,Movie,Noche Americana,2022.0,2.0,tt16969742,Thriller
316,316,Movie,Kinjirareta asobi,2023.0,10.0,tt26758292,Thriller
317,317,Movie,Detektor,2023.0,3.0,tt26761217,Thriller
318,318,Movie,Kukolnik,2023.0,3.0,tt26761313,Thriller
319,319,Movie,Watching Amber,2023.0,10.0,tt26761732,Thriller
320,320,Movie,Streaming,2023.0,,tt26762096,Thriller
321,321,Short,Biet,2023.0,2.0,tt26762535,Thriller
322,322,Short,Graveyard of Dreams,2023.0,2.0,tt26762793,Thriller
323,323,Movie,Ako si Ninoy,2023.0,2.0,tt26762997,Thriller
0,0,Short,Perdue de vue,1995.0,,tt7042224,Mystery
1,1,TV Movie,Sheyal Debota Rahasya,1996.0,,tt6814204,Mystery
2,2,Short,Southwest,1999.0,,tt6869360,Mystery
3,3,Short,The Victim,2000.0,7.0,tt7428098,Mystery
4,4,Short,"Marie-Madeleine,",2002.0,,tt5555410,Mystery
5,5,Movie,Addi Tappaa,2005.0,,tt10100872,Mystery
6,6,Movie,Andalus,2005.0,12.0,tt10137406,Mystery
7,7,Movie,One piece: Omatsuri danshaku to himitsu no shima,2005.0,3.0,tt1018764,Mystery
8,8,Short,Kristallportale,2006.0,10.0,tt0926094,Mystery
9,9,Movie,Lion,2006.0,1.0,tt0928191,Mystery
10,10,Short,The Silver Rope,2006.0,11.0,tt0929793,Mystery
11,11,Short,Seul,2006.0,10.0,tt0929280,Mystery
12,12,TV Movie,Number 13,2006.0,12.0,tt0934533,Mystery
13,13,Movie,Liu hao chu kou,2007.0,5.0,tt0934427,Mystery
14,14,Short,The Sled,2007.0,9.0,tt1119212,Mystery
15,15,Short,Reflections,2007.0,10.0,tt1119664,Mystery
16,16,Short,Voces,2007.0,10.0,tt1121108,Mystery
17,17,Short,Kirksdale,2007.0,8.0,tt1121949,Mystery
18,18,Short,The Truth About Faces,2007.0,10.0,tt1121974,Mystery
19,19,Movie,Panama,2008.0,5.0,tt1338653,Mystery
20,20,Movie,Aswang: A Journey Into Myth,2008.0,2.0,tt1339050,Mystery
21,21,Short,Cowboy,2008.0,,tt1339071,Mystery
22,22,Movie,7,2008.0,9.0,tt1339040,Mystery
23,23,Movie,The Ceremony,2008.0,12.0,tt1339063,Mystery
24,24,Movie,Sessions of the Mind,2008.0,9.0,tt1339166,Mystery
25,25,Movie,Sunshine Away,2008.0,12.0,tt1339178,Mystery
26,26,Short,A Brush with Murder,2008.0,10.0,tt1339532,Mystery
27,27,Short,Pantomima,2008.0,6.0,tt1339672,Mystery
28,28,Short,Where's Dookie Cannata?,2008.0,11.0,tt1340139,Mystery
29,29,Short,A Noble Way,2008.0,8.0,tt1340600,Mystery
30,30,Short,The Mystery of the Missing Matron,2008.0,10.0,tt1340599,Mystery
31,31,Movie,Cellule 66,2008.0,11.0,tt1340560,Mystery
32,32,Movie,The Chauffeur,2008.0,1.0,tt1340561,Mystery
33,33,Short,Veracity: We All Shine On,2009.0,5.0,tt1480698,Mystery
34,34,Movie,Accused at 17,2010.0,5.0,tt1480649,Mystery
35,35,Short,Awaken,2009.0,7.0,tt1482383,Mystery
36,36,Short,Encrucijada,2009.0,9.0,tt1482446,Mystery
37,37,Movie,Kamisama herupu!,2010.0,8.0,tt1653881,Mystery
38,38,Movie,Be-seu-teu-sel-leo,2010.0,4.0,tt1655617,Mystery
39,39,Movie,Gôsuto,2010.0,11.0,tt1655400,Mystery
40,40,TV Movie,Exposed,2011.0,3.0,tt1878932,Mystery
41,41,Short,The Key to Annabel Lee,2011.0,4.0,tt1879072,Mystery
42,42,Movie,I Have Loved,2011.0,9.0,tt1880230,Mystery
43,43,Short,Save the Planet,2011.0,8.0,tt1880319,Mystery
44,44,Movie,Hij,2011.0,6.0,tt1880220,Mystery
45,45,Short,World's End,2012.0,12.0,tt2267848,Mystery
46,46,Short,Ceaseless,2012.0,2.0,tt2268399,Mystery
47,47,Short,You're Not Safe Here,2012.0,7.0,tt2269920,Mystery
48,48,Short,Der letzte Regen,2012.0,8.0,tt2271289,Mystery
49,49,Short,Palla al matt',2012.0,6.0,tt2270486,Mystery
50,50,TV Movie,Nigaoe sôsakan 001 gô,2012.0,3.0,tt2271503,Mystery
51,51,Short,The Telling,2013.0,6.0,tt2795608,Mystery
52,52,Short,Specimen 0625c,2013.0,3.0,tt2797346,Mystery
53,53,Short,Powrót,2013.0,6.0,tt2797786,Mystery
54,54,Movie,Spirit Cabinet,2013.0,10.0,tt2800302,Mystery
55,55,Short,Silent Spectrum,2013.0,9.0,tt2800486,Mystery
56,56,Short,Return of the Body Snatchers,2013.0,4.0,tt2803236,Mystery
57,57,Movie,The Lost Mantle of Elijah,2013.0,5.0,tt2805316,Mystery
58,58,Short,Tierra escarlata,2013.0,2.0,tt2805550,Mystery
59,59,Short,White Rabbit,2014.0,1.0,tt3521682,Mystery
60,60,Short,Bad-Guy,2014.0,6.0,tt3521758,Mystery
61,61,TV Movie,The Good Sister,2014.0,,tt3521746,Mystery
62,62,Movie,The Ark of the Witch,2014.0,1.0,tt3522700,Mystery
63,63,Short,Toybox,2014.0,10.0,tt3522414,Mystery
64,64,Short,M is for Mobile,2014.0,10.0,tt3522368,Mystery
65,65,Short,Cárcere Privado,2014.0,1.0,tt3525858,Mystery
66,66,TV Movie,Status: Unknown,2014.0,2.0,tt3525764,Mystery
67,67,Movie,A Rainy Day,2014.0,1.0,tt3527068,Mystery
68,68,Short,Anti Cupido,2014.0,6.0,tt3524542,Mystery
69,69,Movie,After the Third Bell,2014.0,4.0,tt3526430,Mystery
70,70,Short,Tokyo Flow,2014.0,3.0,tt3527516,Mystery
71,71,TV Movie,Lost Boy,2016.0,5.0,tt4355236,Mystery
72,72,Short,Out of the Box,2015.0,,tt4355416,Mystery
73,73,Movie,Pinku to gurê,2016.0,1.0,tt4360406,Mystery
74,74,Short,Jacquerie,2015.0,5.0,tt4360490,Mystery
75,75,Short,High Phantom Playback,2018.0,6.0,tt4360272,Mystery
76,76,Short,Anomie,2015.0,10.0,tt4361078,Mystery
77,77,Movie,Crumbs,2015.0,11.0,tt4362764,Mystery
78,78,Short,The Mine,2015.0,5.0,tt4363260,Mystery
79,79,TV Movie,Romantically Speaking,2015.0,4.0,tt4364862,Mystery
80,80,Movie,DristiBhram,2015.0,1.0,tt4361472,Mystery
81,81,Short,Visited,2015.0,1.0,tt4365184,Mystery
82,82,Short,Velkommen til Paradis,2015.0,3.0,tt4365576,Mystery
83,83,Movie,Die: Lianhua,2015.0,1.0,tt4365336,Mystery
84,84,Movie,Death at the Christmas Tree Party,2016.0,12.0,tt5175332,Mystery
85,85,Short,The Missing Knife,2016.0,,tt5177386,Mystery
86,86,Movie,The Dead End,2016.0,11.0,tt5175604,Mystery
87,87,Movie,Buster's Mal Heart,2017.0,5.0,tt5173032,Mystery
88,88,Short,The Serene Heartache,2016.0,1.0,tt5177846,Mystery
89,89,Short,Gridlock,2016.0,7.0,tt5180990,Mystery
90,90,Short,Moretta,2016.0,2.0,tt5182126,Mystery
91,91,Short,Sparte,2016.0,5.0,tt5183186,Mystery
92,92,Movie,La verità sta in cielo,2016.0,10.0,tt5186860,Mystery
93,93,Movie,Within Circles,2016.0,6.0,tt5187346,Mystery
94,94,Movie,Aibô: Gekijô-ban IV,2017.0,2.0,tt5738264,Mystery
95,95,Movie,The Moose Head Over the Mantel,2017.0,,tt5740994,Mystery
96,96,Short,Flock,2017.0,3.0,tt5744330,Mystery
97,97,Movie,Maze,2017.0,9.0,tt5752606,Mystery
98,98,Short,Prophecy Eleven,2017.0,1.0,tt5751150,Mystery
99,99,Movie,Small Town Crime,2018.0,1.0,tt5751998,Mystery
100,100,Short,Light Drifter,2017.0,3.0,tt5755298,Mystery
101,101,Movie,The Landing,2018.0,8.0,tt5754992,Mystery
102,102,Short,Unbound,2017.0,,tt5767338,Mystery
103,103,Movie,Kill 'Em All,2017.0,6.0,tt5767628,Mystery
104,104,Short,Bandwidth,2017.0,6.0,tt5763122,Mystery
105,105,Short,Shadow of Doubt,2017.0,8.0,tt5765148,Mystery
106,106,Short,Hindsight,2017.0,7.0,tt5764848,Mystery
107,107,Short,La Perla,2017.0,3.0,tt5773172,Mystery
108,108,Short,The Veiled,2017.0,6.0,tt5779140,Mystery
109,109,Movie,Disobeying the Laws of Sky Tyrants,2017.0,1.0,tt5777392,Mystery
110,110,Movie,Resident Evil: Vendetta,2017.0,5.0,tt5776208,Mystery
111,111,Movie,Making a Killing,2020.0,6.0,tt6116568,Mystery
112,112,Short,He Didn't Even Leave a Note,2018.0,7.0,tt6125742,Mystery
113,113,Short,Nasty,2018.0,11.0,tt6131682,Mystery
114,114,Movie,Raakshas,2018.0,2.0,tt6133484,Mystery
115,115,Short,On the Other Side,2018.0,,tt6132066,Mystery
116,116,Movie,The Black String,2021.0,1.0,tt6141334,Mystery
117,117,Movie,Distorted,2018.0,5.0,tt6143850,Mystery
118,118,Movie,Open Wound: The Über-Movie,2018.0,4.0,tt6144410,Mystery
119,119,Movie,Between the Trees,2019.0,3.0,tt6151048,Mystery
120,120,Movie,Astro,2018.0,6.0,tt6156656,Mystery
121,121,Movie,I Think We're Alone Now,2018.0,9.0,tt6169694,Mystery
122,122,Movie,Unconditional,2018.0,6.0,tt6173418,Mystery
123,123,Movie,Something,2019.0,3.0,tt6185266,Mystery
124,124,Movie,La femme la plus assassinée du monde,2018.0,9.0,tt6186696,Mystery
125,125,Movie,Ghostland,2018.0,5.0,tt6195094,Mystery
126,126,Movie,Blindsided,2018.0,1.0,tt6205658,Mystery
127,127,Movie,A Vigilante,2019.0,3.0,tt6211976,Mystery
128,128,Movie,Apostle,2018.0,10.0,tt6217306,Mystery
129,129,Movie,Perfect,2019.0,5.0,tt6222286,Mystery
130,130,Movie,Pledge,2019.0,4.0,tt6220752,Mystery
131,131,Movie,Boarding School,2018.0,8.0,tt6224502,Mystery
132,132,Movie,Lampor: Keranda Terbang,2019.0,10.0,tt10698426,Mystery
133,133,Short,Daddy,2019.0,2.0,tt10699198,Mystery
134,134,Short,Exile,2019.0,7.0,tt10702346,Mystery
135,135,Short,A la bibliothèque,2019.0,5.0,tt10707200,Mystery
136,136,Movie,Afflatus,2019.0,7.0,tt10706724,Mystery
137,137,Movie,Game Over,2019.0,7.0,tt10709060,Mystery
138,138,Movie,Anonymous Vol. 1 - The Dreamland Adventures the Mysteries of Atlantis,2020.0,2.0,tt12059646,Mystery
139,139,Short,Join Us,2020.0,3.0,tt12061308,Mystery
140,140,Movie,Cecily and Lydia at the Waypoint,2020.0,12.0,tt12064142,Mystery
141,141,Short,Doris,2020.0,5.0,tt12070504,Mystery
142,142,Short,COVID-19 ; E.I.N.S.: E.scape I.nto N.ature S.pace,2020.0,3.0,tt12076472,Mystery
143,143,Short,Shadowed,2020.0,4.0,tt12076272,Mystery
144,144,Short,Den Japanska Illusionen,2021.0,,tt14130708,Mystery
145,145,Short,Telestesia,2021.0,10.0,tt14143006,Mystery
146,146,Short,I Said,2021.0,2.0,tt14142872,Mystery
147,147,Movie,Bannerghatta,2021.0,7.0,tt14142640,Mystery
148,148,Short,The Quiet Light of the Midnight Cold,2022.0,3.0,tt18569630,Mystery
149,149,Short,Desvío,2022.0,3.0,tt18570540,Mystery
150,150,Short,F,2022.0,5.0,tt18573810,Mystery
151,151,Short,The Turn Ahead,2022.0,1.0,tt18673794,Mystery
152,152,Movie,Maksym Osa,2022.0,10.0,tt18688348,Mystery
153,153,Short,Sight,2023.0,1.0,tt27215062,Mystery
154,154,Short,Agents of Change: Project Polymer,2023.0,3.0,tt27235287,Mystery
155,155,Movie,Khitrovka. The Sign of Four,2023.0,5.0,tt27241513,Mystery
156,156,Short,Sight,2023.0,1.0,tt27236215,Mystery
157,157,TV Movie,Der Wien-Krimi: Blind ermittelt - Tod an der Donau,2023.0,4.0,tt27251096,Mystery
158,158,Movie,Marne Ke Dar Se Mere Dil,2023.0,3.0,tt27250288,Mystery
159,159,Short,Red Wine,2023.0,11.0,tt27250168,Mystery
160,160,Movie,Magna Lacerta,2023.0,3.0,tt27262238,Mystery
