Tipo,Titulo,Año,Mes,Id,generos
Movie,Las Travesuras de Super Chido,1990,10,tt0320656,Action
Movie,Velai Kidaichiruchu,1990,8,tt0318803,Action
Movie,Sor Batalla,1990,8,tt0320503,Action
Movie,Azaad Desh Ke Gulam,1990,4,tt0330019,Action
Movie,Suo ming fei dao,1991,11,tt0348147,Action
Movie,Contreras Gang,1991,12,tt0349237,Action
Movie,Pitong Gamol,1991,0,tt0349971,Action
Movie,Jiang hu ba mian feng,1991,0,tt0351141,Action
Movie,Sarphira,1992,4,tt0344301,Action
Movie,Alyas Lakay,1992,11,tt0344816,Action
Movie,Santo: la leyenda del enmascarado de plata,1993,11,tt0330855,Action
Movie,La sangre de un valiente,1993,5,tt0334294,Action
Movie,Young-guwa gongryong Zzu-Zzu,1993,7,tt0334765,Action
Movie,Que me entierren con la banda,1994,3,tt0285962,Action
Movie,Elaan,1994,1,tt0290183,Action
Movie,Hum Hain Bemisaal,1994,12,tt0290213,Action
Movie,Cesta peklem,1995,5,tt0277621,Action
Movie,Maanthrikam,1995,1,tt0280889,Action
Short,End of the Line,1996,8,tt0285543,Action
Movie,Lone Tiger,1996,7,tt0285680,Action
Movie,Diljale,1996,9,tt0286593,Action
Movie,Kôshoku kunoichi ninpô-chô: Vâjin sunaipâ - bishôjo yôma-den,1997,10,tt0288305,Action
TV Movie,Terrain,1997,12,tt0288841,Action
Movie,Daava,1997,7,tt0289685,Action
Movie,Varnapakittu,1997,4,tt0290098,Action
Movie,Kudrat,1998,12,tt0286772,Action
Movie,Achanak,1998,6,tt0286421,Action
Movie,Salaakhen,1998,4,tt0286936,Action
Movie,Angaaray,1998,7,tt0288427,Action
Short,A Waiter Tomorrow,1998,3,tt0289611,Action
Movie,Ispanska muha,1998,1,tt0290674,Action
TV Movie,NASCAR Racers: The Movie,1999,11,tt0278580,Action
Movie,Ostatnia misja,2000,3,tt0281019,Action
Movie,Anakiseuteu Anarchists,2000,4,tt0280427,Action
Movie,High Adventure,2001,8,tt0295989,Action
Movie,"Death, Deceit & Destiny Aboard the Orient Express",2001,9,tt0295925,Action
Movie,Kyo Kii... Main Jhuth Nahin Bolta,2001,9,tt0297241,Action
Movie,Virtualna stvarnost,2001,10,tt0296919,Action
Movie,Ravanaprabhu,2001,8,tt0298514,Action
TV Movie,ReBoot: My Two Bobs,2001,11,tt0298515,Action
Movie,Waah! Tera Kya Kehna,2002,11,tt0339878,Action
Movie,Wolves of Wall Street,2002,12,tt0339918,Action
Movie,Masuuruhiito,2002,10,tt0340227,Action
Movie,Khadgam,2002,11,tt0339252,Action
TV Movie,Epoch: Evolution,2003,11,tt0374286,Action
Movie,De zaak Alzheimer,2004,4,tt0374345,Action
Short,Batman: Dead End,2003,7,tt0374526,Action
TV Short,Den sorte celle,2003,7,tt0374228,Action
Movie,Dai zek lo,2003,9,tt0374184,Action
Movie,Tere Naam,2003,8,tt0374271,Action
Movie,Shikaar,2004,7,tt0420175,Action
Short,World's Finest,2004,7,tt0420324,Action
Movie,Camp X-Ray: Ghosts of Guantánamo Bay,2004,9,tt0418587,Action
Movie,"Chot [Aaj Isko, Kal Tereko]",2004,6,tt0418598,Action
Short,Even If It's Wrong,2004,4,tt0419736,Action
Movie,Tiempo de valientes,2005,9,tt0462570,Action
Movie,Seung ji san tau,2007,2,tt0934949,Action
TV Movie,The Cutting Edge 3: Chasing the Dream,2008,3,tt1110626,Action
Movie,Heroes,2008,10,tt1114725,Action
TV Movie,Phoo Action,2008,2,tt1116185,Action
Movie,Bonnie & Clyde vs. Dracula,2011,3,tt1117379,Action
Movie,La hora cero,2010,10,tt1322302,Action
Movie,Ascension 2,2012,4,tt12731590,Action
Short,Revirements Fatals (V.F. de Deadly Twists),2012,8,tt12737858,Action
Movie,USS Seaviper,2020,11,tt1274596,Action
Movie,The Life Kung-Fu,2012,2,tt12747740,Action
Movie,Looper,2012,11,tt1276104,Action
Movie,Supernatural Swamp Slaughter,2012,5,tt1277403,Action
TV Movie,Los 3 gallos Michoacanos,2013,10,tt11294796,Action
Movie,Fuck Duissan,2013,9,tt11372090,Action
Short,Wrony,2013,7,tt11423922,Action
Short,Under the cage,2013,6,tt11428282,Action
Short,Ode to the Warriors,2013,11,tt11447774,Action
Movie,"Boonie Bears, to the Rescue!",2014,1,tt3564806,Action
Short,The Floor Whisper,2017,3,tt10307720,Action
Short,Metal Gear Solid: A New Divide,2017,8,tt10305124,Action
Short,Deprivation,2019,5,tt10080934,Action
Short,Small Gains,2020,0,tt10955374,Action
Short,Liam: The New Manager,2020,5,tt10968850,Action
Movie,Taanashah,2020,2,tt10968008,Action
Movie,Dagaalty,2020,1,tt10966832,Action
Short,Tiger Man,2020,2,tt10972026,Action
Movie,Brew,2020,0,tt10978650,Action
Short,An Awkward Encounter,2021,0,tt11914358,Action
Movie,"Push Comes to Shovel, TX",2021,7,tt11921924,Action
Movie,Ladki: Enter the Girl Dragon,2021,12,tt11924110,Action
Movie,Rewind,2021,4,tt11924002,Action
Movie,Tokyo Revengers,2021,7,tt11923304,Action
Short,Mashin Sentai Kirameijâ Za Mûbî: Bî-Bappu Dorîmu,2021,2,tt11928952,Action
Movie,The Lost and the Brave,2022,0,tt14134448,Action
Movie,Gaspard et Robinson,1990,12,tt0099635,Drama
Movie,Night of the Cyclone,1990,5,tt0100256,Drama
Movie,Pokhorony Stalina,1990,0,tt0100383,Drama
Movie,Street Hunter,1990,11,tt0100706,Drama
Movie,Goodfellas,1990,11,tt0099685,Drama
TV Movie,Murder in Black and White,1990,1,tt0100207,Drama
Movie,Le party,1990,2,tt0100334,Drama
Movie,18 anni tra una settimana,1992,2,tt0101250,Drama
TV Movie,Aftermath: A Test of Love,1991,3,tt0101277,Drama
TV Movie,Christmas on Division Street,1991,12,tt0101580,Drama
Movie,Dead Again,1992,2,tt0101669,Drama
TV Movie,Eyes of a Witness,1991,3,tt0101843,Drama
Movie,Gigolo,1991,11,tt0101952,Drama
Movie,Krhotine,2004,1,tt0102236,Drama
TV Movie,Lightning Field,1991,9,tt0102309,Drama
Movie,Cerro Torre: Schrei aus Stein,1991,10,tt0102855,Drama
Movie,Modern Crimes,1992,1,tt0104900,Drama
TV Movie,Final Shot: The Hank Gathers Story,1992,3,tt0104270,Drama
TV Movie,Hamburger Gift,1992,12,tt0104386,Drama
Movie,Hoffa,1992,12,tt0104427,Drama
TV Movie,Miss America: Behind the Crown,1992,9,tt0104883,Drama
Movie,Modelo antiguo,1992,9,tt0104899,Drama
Movie,No Dia dos Meus Anos,1994,2,tt0105008,Drama
Movie,Bob Roberts,1992,10,tt0103850,Drama
Movie,Il giardino dei ciliegi,1992,9,tt0104337,Drama
Movie,La vida conyugal,1993,6,tt0108487,Drama
Movie,Fatalna nezhnost,1993,9,tt0106875,Drama
Movie,Glädjekällan,1993,11,tt0107019,Drama
Movie,The Hour of the Pig,1994,1,tt0107146,Drama
Movie,Extreme Justice,1994,2,tt0106850,Drama
Movie,Killing Car,2012,9,tt0106894,Drama
Movie,Duo ming jie chu,1994,4,tt0109690,Drama
Movie,L'enfer,1994,2,tt0109731,Drama
Movie,"English, August",1994,9,tt0109732,Drama
Movie,The Fence,1994,4,tt0109795,Drama
Movie,Le fils préféré,1994,12,tt0109800,Drama
Movie,Le fusil de bois,1995,7,tt0109859,Drama
Movie,Foreign Student,1994,4,tt0109828,Drama
Movie,Frihetsligan,1994,2,tt0109848,Drama
TV Movie,Greyhounds,1994,6,tt0109941,Drama
Movie,The Glass Shield,1995,6,tt0109906,Drama
Movie,Liu mang yi sheng,1995,1,tt0113672,Drama
Movie,Kong zhong xiao jie,1995,6,tt0113569,Drama
Movie,Lao ni mei,1995,3,tt0113600,Drama
Movie,Let It Be Me,1995,11,tt0113638,Drama
Movie,The Babysitter,1995,10,tt0112438,Drama
Movie,Habit,1997,11,tt0113241,Drama
Movie,First Knight,1995,7,tt0113071,Drama
TV Movie,Kingfish: A Story of Huey P. Long,1995,3,tt0113550,Drama
Movie,Intimate Relations,1997,6,tt0116643,Drama
Movie,El domini del sentits,1996,11,tt0116124,Drama
Movie,Eskiya,1996,11,tt0116231,Drama
Movie,The Funeral,1997,7,tt0116378,Drama
TV Movie,Captive Heart: The James Mink Story,1996,4,tt0115826,Drama
Movie,Como Nascem os Anjos,1997,0,tt0115929,Drama
TV Movie,The Assassination File,1996,6,tt0115578,Drama
Movie,Bolse vita,1996,10,tt0115726,Drama
Movie,In the Company of Men,1999,1,tt0119361,Drama
TV Movie,Moment of Truth: Into the Arms of Danger,1997,2,tt0119379,Drama
Movie,The Life of Stuff,1998,8,tt0119536,Drama
Movie,Loved,1997,10,tt0119581,Drama
Movie,Le mani forti,1997,3,tt0119610,Drama
Movie,Nettoyage à sec,1999,7,tt0119773,Drama
Movie,Paradise Road,1997,9,tt0119859,Drama
Movie,The Man with Rain in His Shoes,1998,11,tt0138590,Drama
Movie,Johnny B Good,1998,10,tt0138535,Drama
TV Movie,Never Tell Me Never,1998,4,tt0138652,Drama
Movie,Pi,2000,6,tt0138704,Drama
Movie,Fica Comigo,1998,2,tt0137520,Drama
Movie,Dante's View,1998,12,tt0138389,Drama
Movie,Free Fall,1999,1,tt0172469,Drama
TV Movie,Introducing Dorothy Dandridge,1999,8,tt0172348,Drama
TV Movie,Invisible Child,1999,3,tt0172606,Drama
Movie,Superlove,1999,6,tt0173275,Drama
Movie,Lal Baadshah,1999,3,tt0172704,Drama
Movie,"Südsee, eigene Insel",1999,7,tt0173298,Drama
Movie,Ungfrúin góða og húsið,1999,10,tt0173387,Drama
Movie,Mohabbatein,2000,10,tt0213890,Drama
Movie,Jadviga párnája,2000,3,tt0213733,Drama
Movie,Her i nærheden,2000,1,tt0212215,Drama
TV Movie,Madame Bovary,2000,2,tt0212318,Drama
TV Movie,Hidden Blessings,2000,4,tt0212218,Drama
Movie,The Luzhin Defence,2000,12,tt0211492,Drama
TV Movie,Il ritorno del piccolo Lord,2000,12,tt0211598,Drama
Movie,Beat,2004,5,tt0211941,Drama
Movie,The Clean and Narrow,2000,1,tt0212059,Drama
Movie,Last Orders,2002,1,tt0253200,Drama
TV Movie,Gli amici di Gesù - Giuda,2001,4,tt0253101,Drama
TV Movie,The Life and Adventures of Nicholas Nickleby,2002,1,tt0253312,Drama
Movie,Nynke,2001,9,tt0254610,Drama
Movie,Le stade de Wimbledon,2002,2,tt0254791,Drama
TV Movie,Un homme à défendre,2001,3,tt0253862,Drama
TV Movie,The Last Brickmaker in America,2001,9,tt0255313,Drama
Movie,The Fourth Angel,2002,1,tt0254334,Drama
Movie,The Point Men,2003,6,tt0254703,Drama
Movie,No Good Deed,2014,11,tt0292610,Drama
Movie,Lola vende cá,2002,4,tt0290729,Drama
Movie,L'idole,2003,1,tt0291259,Drama
Movie,Fixing Frank,2002,8,tt0292513,Drama
Short,On Common Ground,2002,3,tt0293888,Drama
Movie,El sueño de Ibiza,2002,4,tt0292259,Drama
Movie,Novo,2002,12,tt0291392,Drama
Movie,Local Boys,2002,2,tt0293357,Drama
Movie,Figure in the Forest,2002,10,tt0293154,Drama
Movie,Tre punto sei,2003,6,tt0331360,Drama
Movie,Mister V.,2003,11,tt0329525,Drama
Movie,Devil's Pond,2005,3,tt0329162,Drama
Movie,Les sentiments,2003,11,tt0329584,Drama
Movie,Any Way the Wind Blows,2003,10,tt0331175,Drama
TV Movie,Tauerngold,2003,4,tt0330970,Drama
Movie,Firefight,2003,5,tt0328868,Drama
Movie,Devot,2003,2,tt0331231,Drama
TV Movie,An Unexpected Love,2010,10,tt0329679,Drama
Short,American Short,2004,11,tt0370365,Drama
Movie,Mysterious Skin,2005,8,tt0370986,Drama
Movie,Promised Land,2004,8,tt0371101,Drama
Movie,Secuestro express,2004,3,tt0371939,Drama
Movie,Company K,2004,4,tt0372828,Drama
TV Movie,Die andere Frau,2004,1,tt0372167,Drama
Movie,Forkerte navne,2004,6,tt0371677,Drama
Movie,Kono yo no sotoe - Club Shinchugun,2004,2,tt0371050,Drama
Movie,Eating Out,2012,2,tt0372884,Drama
Movie,Shabd,2005,2,tt0409527,Drama
Movie,La noche del hermano,2005,8,tt0410381,Drama
Movie,Marilyn Hotchkiss' Ballroom Dancing & Charm School,2006,1,tt0409034,Drama
Movie,Resurrection: The J.R. Richard Story,2005,4,tt0410516,Drama
Movie,Lying in Bed,2005,12,tt0410275,Drama
TV Movie,Kein Himmel über Afrika,2005,2,tt0410156,Drama
Movie,La petite Chartreuse,2005,2,tt0410445,Drama
Movie,On a Clear Day,2006,8,tt0410400,Drama
Movie,Oublier Cheyenne,2006,3,tt0410410,Drama
Movie,Un mundo maravilloso,2006,3,tt0456467,Drama
Movie,Aryan: Unbreakable,2006,12,tt0454396,Drama
Movie,Fair Play,2006,9,tt0454602,Drama
Movie,The Elder Son,2009,3,tt0455988,Drama
Movie,Jaan-E-Mann: Let's Fall in Love... Again,2006,10,tt0456481,Drama
Movie,Chingaari,2006,2,tt0454429,Drama
Movie,Inside Man,2006,3,tt0454848,Drama
Movie,The Pursuit of Happyness,2007,2,tt0454921,Drama
Movie,Lost and Found,2006,0,tt0455149,Drama
Movie,Irina Palm,2007,6,tt0762110,Drama
Movie,He Was a Quiet Man,2020,5,tt0760311,Drama
Movie,Relative Obscurity,2007,0,tt0760182,Drama
Movie,Lovely by Surprise,2007,6,tt0760173,Drama
Movie,Afghan Knights,2007,7,tt0760157,Drama
TV Movie,Der Zauber des Regenbogens,2007,11,tt0759757,Drama
Movie,El corazón de la tierra,2007,4,tt0763839,Drama
Movie,X's & O's,2009,0,tt0763847,Drama
Movie,"Meine Mutter, mein Bruder und ich!",2008,5,tt0935101,Drama
Movie,Older Than America,2012,2,tt0932669,Drama
Movie,Float,2008,10,tt0934840,Drama
Movie,No Exit,2008,0,tt0937233,Drama
Movie,Varg,2008,4,tt0937378,Drama
Movie,Sappho,2008,3,tt0937373,Drama
Short,Death Point,2011,9,tt10050610,Drama
Movie,Ila Ayithe Ela,2017,0,tt10017546,Drama
Short,Gusti,2017,6,tt10018590,Drama
Short,Young Grandpa,2018,5,tt10026668,Drama
Short,100 Inscritos,2018,7,tt10022852,Drama
Short,Eddy,2018,11,tt10026970,Drama
Movie,Saboa,2018,10,tt10027174,Drama
Short,Like Crazy,2019,3,tt10021724,Drama
Short,What Momma Wants,2019,3,tt10021708,Drama
Short,Coffee with a Madman,2019,2,tt10021158,Drama
Short,Resistant,2019,3,tt10021750,Drama
Short,Fleeting,2020,11,tt10203432,Drama
Movie,Chaco,2020,11,tt10201328,Drama
Movie,Petya na moyata Petya,2021,3,tt10682414,Drama
Short,1969,2021,2,tt10685024,Drama
Movie,Mandela,2021,4,tt10687070,Drama
Movie,Asbury Park,2021,11,tt10687016,Drama
Movie,Too Unexpected,2021,4,tt10686506,Drama
Movie,The Electrical Life of Louis Wain,2021,12,tt10687506,Drama
Movie,Because We Are,2021,8,tt10692368,Drama
Movie,Watcher,2022,9,tt12004038,Drama
Movie,Vikrant Rona,2022,7,tt12015102,Drama
Movie,Vuelta al perro,2022,4,tt12015752,Drama
Movie,Men Don't Leave,1990,6,tt0100134,Comedy
Movie,Meng gui ba wang hua,1990,3,tt0100137,Comedy
TV Movie,Thanksgiving Day,1990,11,tt0100767,Comedy
Movie,Thieves of Fortune,1990,10,tt0100771,Comedy
Movie,A Matter of Degrees,1991,9,tt0100122,Comedy
Movie,Teenage Mutant Ninja Turtles,1991,2,tt0100758,Comedy
Movie,Where the Heart Is,1990,2,tt0100924,Comedy
Movie,Terminal City Ricochet,1991,2,tt0100763,Comedy
Movie,Pure Luck,1991,8,tt0102729,Comedy
Short,The Wizard of Oz,1991,10,tt0103276,Comedy
Movie,Zhi zai chu wei,1991,11,tt0103329,Comedy
Movie,San taam Ma Yue Lung,1991,11,tt0102903,Comedy
Movie,To hok wai lung,1991,7,tt0103045,Comedy
Movie,Un paradiso senza biliardo,1991,1,tt0102630,Comedy
Movie,Lunatics: A Love Story,1991,2,tt0102357,Comedy
Movie,Qiu yue,1993,10,tt0105198,Comedy
Movie,La reina anónima,1992,10,tt0105231,Comedy
Movie,Riens du tout,1992,11,tt0105260,Comedy
Movie,Shiko funjatta.,1992,1,tt0105388,Comedy
Movie,Sister Act,1992,12,tt0105417,Comedy
TV Movie,T Bone N Weasel,1992,11,tt0105512,Comedy
Movie,There Goes the Neighborhood,1992,10,tt0105573,Comedy
Short,Terror in the Hot Tubs,1992,5,tt0105567,Comedy
Movie,Hak pau tin ha,1993,11,tt0107098,Comedy
Movie,The last border - viimeisellä rajalla,1993,8,tt0107364,Comedy
Movie,"Pacco, doppio pacco e contropaccotto",1993,1,tt0107766,Comedy
Movie,Mrs. Doubtfire,1994,2,tt0107614,Comedy
Movie,Bank Robber,1993,12,tt0106353,Comedy
TV Movie,Body Bags,1993,8,tt0106449,Comedy
Movie,Roser og persille,1993,8,tt0107991,Comedy
Movie,Roulez jeunesse!,1993,4,tt0107994,Comedy
Movie,Wan 9 zhao 5,1994,4,tt0111661,Comedy
Movie,Mit moon cham on 2: Che chung,1994,5,tt0110513,Comedy
Movie,Nian nian you jin ri,1994,3,tt0110660,Comedy
Movie,Little Big League,1994,6,tt0110363,Comedy
Movie,"Lovers, Lovers",1994,3,tt0110397,Comedy
Movie,Rám csaj még nem volt ilyen hatással,1994,3,tt0111045,Comedy
Movie,Wagons East!,1994,8,tt0111653,Comedy
Movie,Nine Months,1995,10,tt0113986,Comedy
Movie,Oryol i reshka,1995,11,tt0114054,Comedy
Movie,Nic smiesznego,1996,2,tt0113971,Comedy
Movie,Kids of the Round Table,1995,12,tt0113541,Comedy
Movie,Mollo tutto,1995,3,tt0113841,Comedy
Movie,The Perez Family,1995,5,tt0114113,Comedy
Movie,Die Mediocren,1995,6,tt0113790,Comedy
Movie,Mrs. Munck,1995,9,tt0113865,Comedy
Movie,Fu sheng,1997,9,tt0116325,Comedy
Movie,La lengua asesina,1996,11,tt0116770,Comedy
TV Movie,Faisons un rêve,1996,5,tt0116268,Comedy
Movie,Leneged Einayim Ma'araviyot,1996,0,tt0116857,Comedy
Movie,Magic in the Mirror,1996,8,tt0116959,Comedy
Short,Bangs,1996,9,tt0115621,Comedy
Movie,Chong qing ai qing gan jue,1996,9,tt0116290,Comedy
Movie,Taafé Fanga,1999,3,tt0120266,Comedy
Movie,That Darn Cat,1997,2,tt0120317,Comedy
Movie,Twin Town,1997,11,tt0120394,Comedy
Movie,Weihnachtsfieber,1997,11,tt0120489,Comedy
Movie,Reine & Mimmi i fjällen!,1997,8,tt0120002,Comedy
Movie,A Smile Like Yours,1997,9,tt0120151,Comedy
TV Movie,steve.oedekerk.com,1997,9,tt0120209,Comedy
TV Movie,Tales from the Far Side II,1997,12,tt0120270,Comedy
Movie,"Five Wives, Three Secretaries and Me",1999,10,tt0150574,Comedy
Movie,Color-Blinded,1998,1,tt0150167,Comedy
TV Movie,The Gift,1998,7,tt0150727,Comedy
Movie,Ecco fatto,1998,11,tt0150434,Comedy
Movie,Homo Heights,1998,2,tt0150941,Comedy
Movie,Hinterholz 8,1998,9,tt0150918,Comedy
Movie,El grito en el cielo,1998,4,tt0150790,Comedy
TV Movie,Erakkorapu,1999,2,tt0187831,Comedy
TV Movie,Passion Killers,1999,4,tt0187659,Comedy
Movie,La nouvelle Ève,1999,1,tt0186397,Comedy
TV Movie,Zenon: Girl of the 21st Century,1999,1,tt0186726,Comedy
Movie,'Ne günstige Gelegenheit,1999,11,tt0187867,Comedy
Movie,Doug's 1st Movie,1999,7,tt0187819,Comedy
Movie,Otesánek,2001,1,tt0228687,Comedy
Movie,A Little Bit of Lipstick,2000,2,tt0228525,Comedy
Movie,3 Chinesen mit dem Kontrabass,2000,3,tt0228239,Comedy
Movie,Les insaisissables,2000,5,tt0229475,Comedy
Movie,Vive nous!,2000,1,tt0229022,Comedy
Movie,Ping!,2000,8,tt0228720,Comedy
Short,Bit Players,2000,8,tt0230041,Comedy
Movie,The Bunk Witch Project,2000,6,tt0230056,Comedy
TV Movie,Zenon: The Zequel,2001,1,tt0271271,Comedy
Short,Jane,2001,11,tt0272676,Comedy
Movie,Mujhe Meri Biwi Se Bachaao,2001,6,tt0272735,Comedy
Movie,Jump Tomorrow,2001,11,tt0273300,Comedy
Movie,The Jimmy Show,2001,9,tt0271020,Comedy
TV Movie,Call Me Claus,2001,12,tt0272018,Comedy
Movie,Happy Now,2002,10,tt0271538,Comedy
Movie,Les âmes câlines,2001,12,tt0272093,Comedy
TV Movie,Dinner with Friends,2001,8,tt0271461,Comedy
TV Movie,Ein Sack voll Geld,2002,12,tt0304657,Comedy
Movie,The Santa Clause 2,2002,12,tt0304669,Comedy
Short,Fish + Dog,2002,3,tt0305578,Comedy
Movie,Sex Is Comedy,2003,5,tt0304678,Comedy
TV Movie,Bobby,2002,1,tt0303781,Comedy
Movie,Film School Confidential,2002,1,tt0304008,Comedy
Movie,Nantucket,2002,9,tt0304458,Comedy
TV Movie,Si Graham Norton,2002,1,tt0304707,Comedy
Movie,Gate to Heaven,2003,12,tt0341372,Comedy
Short,Grace,2003,1,tt0340737,Comedy
Short,Cul de sac,2003,6,tt0341326,Comedy
Short,Studio City,2003,2,tt0341598,Comedy
Movie,The R.M.,2003,1,tt0341540,Comedy
Movie,Gettin' Square,2003,10,tt0341376,Comedy
Movie,Adam & Eva,2003,6,tt0341216,Comedy
Short,Mirror Man,2003,3,tt0342776,Comedy
Movie,Ce jour-là,2003,6,tt0343524,Comedy
Movie,Wilby Wonderful,2005,9,tt0383717,Comedy
Movie,Süperseks,2004,9,tt0384576,Comedy
TV Movie,I Want to Marry Ryan Banks,2004,1,tt0385013,Comedy
Movie,Kad porastem bicu Kengur,2004,3,tt0383846,Comedy
Movie,Dontel papa,2004,9,tt0385511,Comedy
Movie,Bandwagon,2004,4,tt0385534,Comedy
Movie,Saving Face,2005,6,tt0384504,Comedy
Movie,Love on the Side,2006,3,tt0384037,Comedy
Movie,Sans Kapiyi Kirinca,2005,1,tt0425426,Comedy
Movie,Feast,2007,1,tt0426459,Comedy
Movie,Enfants terribles,2005,10,tt0424999,Comedy
Movie,The Essence of Irwin,2005,0,tt0426452,Comedy
Movie,In the Mix,2005,11,tt0426615,Comedy
Movie,Pardon,2005,3,tt0425333,Comedy
Movie,Almost Heaven,2005,8,tt0425202,Comedy
TV Movie,Irren ist sexy,2005,1,tt0424187,Comedy
Movie,Bernard and Doris,2009,9,tt0470732,Comedy
Movie,Peanuts,2006,1,tt0472482,Comedy
Movie,Eccezzziunale veramente - Capitolo secondo... me,2006,1,tt0472520,Comedy
Movie,Direktøren for det hele,2007,5,tt0469754,Comedy
Movie,Le rose del deserto,2006,12,tt0470082,Comedy
Movie,Raftáci,2006,3,tt0470079,Comedy
Movie,BoyTown,2006,10,tt0472615,Comedy
Short,Gone to the Dogs,2006,1,tt0469911,Comedy
TV Movie,The Jimmy Timmy Power Hour 2: When Nerds Collide,2006,1,tt0473050,Comedy
Movie,Park,2007,1,tt0469519,Comedy
Short,Bakom Snart är det lördag igen,2007,1,tt0808472,Comedy
Movie,Pornorama,2007,10,tt0808425,Comedy
Movie,Vratné lahve,2008,3,tt0809951,Comedy
Movie,One Long Night,2007,0,tt0808409,Comedy
Movie,Malta con Huevo,2007,9,tt0810082,Comedy
Movie,Free Rainer,2008,6,tt0810868,Comedy
Short,World of Wrestling,2007,9,tt0810099,Comedy
Movie,The Ten,2008,4,tt0811106,Comedy
Short,Pure Gasoline,2017,0,tt10070746,Comedy
Short,At Sixes and Sevens,2017,11,tt10071408,Comedy
Short,About A Short Film,2018,9,tt10061802,Comedy
Short,Life As We Know It,2019,3,tt10021716,Comedy
Movie,Papers 14: Purge of the Papers,2019,8,tt10021688,Comedy
Movie,The Protector,2019,2,tt10022384,Comedy
Movie,Secret Society of Second-Born Royals,2020,9,tt10324122,Comedy
TV Movie,Unbreakable Kimmy Schmidt: Kimmy vs the Reverend,2020,8,tt10324166,Comedy
Movie,Café Mirage,2020,10,tt10326882,Comedy
Movie,The Addams Family 2,2021,10,tt11125620,Comedy
Movie,YOUTH TOPIA,2021,0,tt11132688,Comedy
TV Movie,One Minute Show,2021,1,tt11135944,Comedy
Movie,Ur spår,2022,1,tt13316790,Comedy
Movie,The Lost City,2022,3,tt13320622,Comedy
Short,Full Throttle Paradise,2022,1,tt13320706,Comedy
Movie,Ça tourne à Saint-Pierre et Miquelon,2022,5,tt13322796,Comedy
Movie,Slumberland - Nel mondo dei sogni,2022,11,tt13320662,Comedy
Movie,Kiljuset!,2022,12,tt13328854,Comedy
Movie,Envol,2022,4,tt13335652,Comedy
TV Movie,Jak chutnà láska,2002,12,tt0470382,Fantasy
Short,Dream a Little Dream for Me,2002,6,tt0472074,Fantasy
Movie,Clown Series 1-10,2002,9,tt0472618,Fantasy
Short,Pigeon,2002,4,tt0472485,Fantasy
TV Movie,Strange Frequency 2,2003,1,tt0475404,Fantasy
TV Movie,Criss Angel Mindfreak,2002,10,tt0475945,Fantasy
Movie,Doraemon: Nobita to fushigi kazetsukai,2003,3,tt0473474,Fantasy
Movie,Ta-Kien,2003,10,tt0474949,Fantasy
Short,The Grove,2003,0,tt0475600,Fantasy
TV Movie,Criss Angel Supernatural,2003,10,tt0475946,Fantasy
Short,La petite feuille,2003,12,tt0478821,Fantasy
Movie,Under a Shipwrecked Moon,2003,5,tt0481001,Fantasy
Short,Cult,2003,3,tt0480969,Fantasy
TV Movie,"Mosè e Faraone, o Il passaggio del Mar Rosso",2003,12,tt0480768,Fantasy
Short,O magos tis Venetias,2003,9,tt0481302,Fantasy
TV Movie,The Initiation of Sarah,2006,10,tt0795403,Fantasy
TV Movie,Reign of the Gargoyles,2010,9,tt0969322,Fantasy
Movie,Star Wars: The Clone Wars,2008,8,tt1185834,Fantasy
TV Movie,El que habita las alturas,2011,6,tt1322910,Fantasy
Short,The Hunt for Gollum,2011,4,tt1323925,Fantasy
Movie,El sol,2011,0,tt1324057,Fantasy
Movie,Finale,2010,9,tt1326218,Fantasy
Movie,Out of the Fog,2009,6,tt1326957,Fantasy
Movie,Chi bi: Jue zhan tian xia,2009,1,tt1326972,Fantasy
Movie,Charlie St. Cloud,2010,10,tt1438254,Fantasy
Movie,Gladiator Games,2010,9,tt1439532,Fantasy
Short,"Aguarde, por favor!",2011,0,tt12141548,Fantasy
Short,Original Sin,2011,3,tt12215220,Fantasy
Movie,Zookeeper,2011,7,tt1222817,Fantasy
Movie,Vampire Madness,2011,10,tt12306262,Fantasy
Short,Portrait,2011,5,tt12321038,Fantasy
Movie,The Future,2011,9,tt1235170,Fantasy
Short,In the Realms of Gold,2013,6,tt13820914,Fantasy
Short,"Portraits: Emile, 98bit",2012,0,tt13817214,Fantasy
Short,Astral,2019,5,tt10100940,Fantasy
Movie,Brightheart,2021,1,tt11107978,Fantasy
Movie,Kiokuya: Anata o wasurenai,2020,1,tt11116656,Fantasy
Short,Lukøje,2020,9,tt11124092,Fantasy
Short,Hopsa Heisasa,2020,9,tt11128480,Fantasy
Movie,Armugan,2020,11,tt11123316,Fantasy
Short,The Black Baptism,2020,2,tt11131816,Fantasy
Movie,La mujer del Presidente,2021,11,tt12572368,Fantasy
Movie,Darker Than Night,2021,0,tt12592338,Fantasy
Movie,My Dog Is Sick,2021,8,tt12592680,Fantasy
Movie,The New Frontier,2021,6,tt12619898,Fantasy
Movie,Churuli,2021,11,tt12625756,Fantasy
Short,Fantasm,2006,10,tt4621366,Horror
Short,Spooked,2006,5,tt4629450,Horror
Short,Fool Moon,2006,5,tt4631440,Horror
Short,Pumpkin Night,2006,10,tt4636258,Horror
Short,A Very Merry Chris 'n' Craig Mas,2006,12,tt4641348,Horror
Short,Skogen,2007,6,tt4666644,Horror
Short,Tales of Horror: The Judgment,2006,9,tt4872678,Horror
Short,Descendants of the Coven,2006,4,tt4903204,Horror
Short,Manic,2006,10,tt4924236,Horror
Movie,Parkway,2007,5,tt1964988,Horror
Movie,Il cerchio dei morti,2007,9,tt1984180,Horror
Short,Confession 3,2007,10,tt1995281,Horror
Short,It Returns from My Basement,2007,7,tt2004260,Horror
Short,Live Zombys: The Farm,2007,10,tt2007420,Horror
Short,Skin Deep,2007,10,tt2008636,Horror
Short,Maelstrom,2007,6,tt2011113,Horror
Movie,A praga,2011,0,tt2016844,Horror
Short,Cabin,2007,10,tt2025513,Horror
Short,Slash Hive,2007,3,tt2035624,Horror
Short,Pervaya sopka. Mest beshenogo Gansalesa,2007,9,tt2041503,Horror
TV Movie,Chiller's Dare 2 Direct Short Film Festival 2007,2007,10,tt2043811,Horror
Short,Z-Day,2007,10,tt2047925,Horror
Short,Dead End,2007,9,tt2057385,Horror
Short,A Child's Toy,2007,3,tt2075080,Horror
Short,When You Owe You Pay,2009,10,tt2069978,Horror
Movie,Gap,2008,2,tt2072977,Horror
Short,12 Minutes,2008,7,tt2076140,Horror
Short,Crna ovca u restoranu za zombije,2008,9,tt2079488,Horror
Short,Transmitted,2008,3,tt2082492,Horror
Short,The Sinister Grin,2008,10,tt2089839,Horror
Short,Kaj Upokojenci Skrivajo v Kleti,2008,7,tt2088807,Horror
Short,Sick Perverts,2008,0,tt2090607,Horror
Short,The Deadline,2008,4,tt2091432,Horror
Short,Don't Look Back,2008,11,tt2095626,Horror
Movie,Empaná de pino,2008,10,tt2109121,Horror
Short,Basura,2008,10,tt2110395,Horror
Movie,Dok,2008,10,tt2111297,Horror
Movie,Dawna of the Dead,2008,8,tt2115308,Horror
Movie,Dead Ahead,2012,0,tt2122322,Horror
Short,Jour blanc,2008,5,tt2130074,Horror
Movie,Djavolje Kolo,2008,6,tt2132311,Horror
Short,The Porthkerry Experience,2008,1,tt2132495,Horror
Short,3 Wishes,2008,10,tt2148815,Horror
Movie,Rak Lorn,2008,5,tt2150812,Horror
Short,Trepidation,2008,12,tt2151887,Horror
Short,Echo Park,2008,5,tt2151052,Horror
Short,Make It Nice,2008,7,tt2153885,Horror
Short,Star Wars: Don't Go in the Endor Woods,2008,5,tt2166141,Horror
Short,The Tower,2008,10,tt2166261,Horror
Short,Zombie Noir,2008,3,tt2176045,Horror
Short,The Flea,2008,8,tt2174552,Horror
Short,Noise,2008,9,tt2177562,Horror
Short,The Forecast,2008,10,tt2191664,Horror
Short,Uhripuu - The Sacrifice Tree,2008,4,tt2195110,Horror
Short,A Carne,2008,10,tt2194491,Horror
Movie,Nina Crazy Suicide Girl: Le Prigioniere di Satana,2008,0,tt2201141,Horror
Short,Alta Frecuencia,2008,10,tt2202371,Horror
Movie,La raíz del mal,2008,12,tt2205539,Horror
Movie,Slurpees,2008,7,tt2217816,Horror
Short,My Worst Nightmare,2008,6,tt2217881,Horror
Short,Vendrá la muerte y tendrá tus ojos,2008,0,tt2235801,Horror
Short,Het mysterie van de volle maan,2009,9,tt1596262,Horror
Movie,Yoga hakwon,2009,8,tt1599378,Horror
Short,Spirale,2009,11,tt1600443,Horror
Movie,Made Out Alive,2009,1,tt1600765,Horror
Short,Birth of a Nicola,2009,9,tt1602039,Horror
Movie,Aa Intlo,2009,7,tt1601791,Horror
Short,Bloodbath,2009,6,tt1602110,Horror
Short,Buttf**ker,2009,4,tt1603470,Horror
Movie,Cheun,2009,10,tt1603807,Horror
Movie,Cheuuat gaawn chim,2009,3,tt1603808,Horror
Short,Pipe Wrench,2010,1,tt1603911,Horror
Movie,Pengantin Pantai Biru,2010,9,tt1748161,Horror
Movie,Ninjas vs. Vampires,2011,8,tt1748134,Horror
Movie,White House,2010,10,tt1748288,Horror
Movie,Malevolent Ascent,2010,10,tt1754170,Horror
Short,All Flowers in Time,2012,5,tt1753423,Horror
Movie,A Taste,2010,10,tt1753402,Horror
Short,Blarghaaahrgarg,2010,10,tt1753518,Horror
Short,Bats in the Belfry,2013,10,tt1753484,Horror
Short,Don't Look Under the Bed,2010,10,tt1753727,Horror
Movie,Kalevet,2010,12,tt1754000,Horror
Short,Liebe oder nichts,2010,10,tt1754124,Horror
Short,Night of the Unwed,2010,8,tt1754274,Horror
Movie,Easter Bunny Bloodbath,2010,0,tt1753750,Horror
Short,Closed Door,2011,6,tt1753598,Horror
Short,Le malinconiche pene del Grom,2012,5,tt1754088,Horror
Short,The Next,2010,10,tt1754677,Horror
Short,The Couple,2010,10,tt1754614,Horror
Movie,The Unwelcome,2010,8,tt1754726,Horror
Short,The Brutalizer,2010,10,tt1754599,Horror
Short,Phobia,2010,4,tt1754348,Horror
Short,Within,2010,10,tt1754901,Horror
Short,The Withered Dead,2010,9,tt1754732,Horror
Short,Lancaster Square,2010,9,tt1754077,Horror
Short,Dead Search,2010,6,tt1753674,Horror
Short,The Hitchhiker,2011,2,tt1999969,Horror
Short,Call of Nature,2011,9,tt2000410,Horror
Short,Daddy Cross,2011,7,tt1999858,Horror
Movie,Caustic Zombies,2011,7,tt1999851,Horror
Short,Hurst,2011,6,tt1999895,Horror
Short,"Tingen, Edderkoppen",2011,5,tt2000433,Horror
Short,Am I,2011,11,tt2004153,Horror
Short,Dead End,2011,6,tt2005193,Horror
Short,Weeping,2011,6,tt2004426,Horror
Short,The Executive Producer,2011,9,tt2005372,Horror
Short,Flesh Art,2011,8,tt2005220,Horror
Short,Little Red,2011,7,tt2004284,Horror
Movie,Darkwood Manor,2011,9,tt2005190,Horror
Movie,Dead Bodies Everywhere,2011,8,tt2006093,Horror
Short,Versipellis,2012,1,tt2006297,Horror
Short,Foreplay,2011,6,tt2005221,Horror
Movie,12/12/2012,2012,12,tt2313780,Horror
Movie,Kuntilanak-Kuntilanak,2012,4,tt2316550,Horror
Movie,Ex Abyssus,2012,10,tt2315792,Horror
Short,Samayou shinzô,2012,5,tt2315292,Horror
Movie,The Devil's Music,2012,8,tt2314348,Horror
Short,File 13,2012,8,tt2314254,Horror
Short,The Hole,2012,7,tt2315170,Horror
Short,Six Ghosts,2012,4,tt2315864,Horror
Movie,Kung Fu Pocong Perawan,2012,4,tt2316418,Horror
Movie,Nenek Gayung,2012,4,tt2316564,Horror
Movie,Children of the Grave 2,2012,3,tt2316521,Horror
Short,Too Focused,2012,8,tt2315428,Horror
Short,Exorsister,2012,3,tt2316637,Horror
Short,All the Fists in the World Won't Save You Now,2012,8,tt2317486,Horror
Short,UNLV Massacre,2012,4,tt2316404,Horror
Movie,Rakugo eiga,2013,4,tt2317414,Horror
Movie,Paranormal Adoption,2012,1,tt2316959,Horror
Movie,Morgana,2012,8,tt2318360,Horror
Short,Just Like You...,2012,6,tt2318569,Horror
Short,Pumpkin Morgue Paranormal Investigators: Touch the Sky,2012,10,tt2319420,Horror
Movie,The Darkening,2012,9,tt2317734,Horror
Short,Clowning Around,2012,2,tt2318433,Horror
Short,Shivers Down Your Spine: Convention Girl,2012,3,tt2318675,Horror
Short,Hush,2012,2,tt2318535,Horror
Short,La Casa De Arriba,2013,9,tt2938190,Horror
Short,Friends,2013,5,tt2937378,Horror
Short,Soleil rouge,2013,5,tt2943870,Horror
Short,Dead of Winter,2013,3,tt2941494,Horror
Movie,Hellhounds,2013,11,tt2943990,Horror
Movie,Bhoner: The Movie,2013,3,tt2936408,Horror
Movie,Until Death,2013,11,tt2939094,Horror
Movie,Ridge War Z,2013,11,tt2941258,Horror
Movie,Midnight Man,2013,10,tt2937080,Horror
Short,Porcelain Rising,2013,5,tt2938282,Horror
Short,Liebe,2014,4,tt2940782,Horror
Short,Estrela Radiante,2013,3,tt2941436,Horror
Movie,Enter If You Dare: House on Creepy Lane Part 2,2013,10,tt2942404,Horror
Movie,El misterio de Vera Drudi,2013,6,tt2942728,Horror
Short,Fear: The Movie,2014,6,tt3608780,Horror
Movie,The Coed and the Zombie Stoner,2014,4,tt3608654,Horror
Movie,"Saikin, chôchô wa...",2014,5,tt3609482,Horror
Short,Unnatural History,2014,8,tt3609874,Horror
Movie,Reset,2014,3,tt3608476,Horror
Short,Skyglow,2014,10,tt3608808,Horror
Short,Funhouse,2014,5,tt3610680,Horror
Movie,Ban khang winyan,2014,4,tt3612476,Horror
Movie,Hong lork lorn,2014,3,tt3612494,Horror
Short,Salvation Jane,2014,5,tt3612342,Horror
Short,Maria,2014,8,tt3614484,Horror
Short,Picture Particles,2014,6,tt3615590,Horror
Short,Guilt,2014,8,tt3614870,Horror
Short,Icky,2014,0,tt3615066,Horror
Short,Body in Boot,2014,0,tt3615570,Horror
Short,Ruka,2014,3,tt3616378,Horror
Short,Found Footage: The Lost Genre,2014,3,tt3617952,Horror
Short,Sandarsakan - The Visitor,2014,2,tt3613664,Horror
Short,Precocious Movie Kids,2014,4,tt3616444,Horror
Short,Out of Breath,2014,10,tt3619340,Horror
Movie,Creature,2014,9,tt3619854,Horror
Short,Mr. Dentonn,2014,5,tt3620736,Horror
Short,Behind Closed Doors,2014,1,tt3620118,Horror
Short,The Left-Hand Path,2014,3,tt3622252,Horror
Short,The Right Girl,2014,3,tt3621466,Horror
Short,Nyctophobia,2014,7,tt3623882,Horror
Movie,Demons,2014,9,tt3629024,Horror
TV Movie,R.L. Stine's Monsterville: Cabinet of Souls,2015,9,tt4386242,Horror
Movie,GrossHouse,2015,3,tt4388230,Horror
Movie,Slumlord,2016,4,tt4392454,Horror
TV Movie,Haunted,2015,1,tt4392362,Horror
Short,Wide Spread,2015,1,tt4392724,Horror
Short,The Smiling Man,2015,6,tt4392396,Horror
Movie,Follow,2015,9,tt4396584,Horror
Short,Rate Me,2015,9,tt4396330,Horror
Short,Sisters,2015,11,tt4397114,Horror
Short,The Wager,2015,9,tt4396034,Horror
Short,Hands of Wicked Men,2015,6,tt4396744,Horror
Short,Vacation,2015,1,tt4397576,Horror
Short,Thee Massacre: Drenched in Blood and Sweat,2015,1,tt4400036,Horror
Movie,The Haunter of the Dark,2015,1,tt4402410,Horror
Movie,StaggeR .0,2015,7,tt4402074,Horror
Movie,Haman,2019,3,tt4401702,Horror
Short,Calling,2015,2,tt4401132,Horror
Short,"Enter, Metanoia",2015,0,tt4401362,Horror
Short,Midnight Kiss,2015,10,tt4405432,Horror
Movie,Kartoffelsalat,2015,7,tt4404474,Horror
Short,When the Night Falls,2015,0,tt4401386,Horror
Short,Snow Dayz,2015,6,tt4404292,Horror
Short,Hyde,2015,9,tt4412338,Horror
Short,Getting Ready for a Lunch Date,2015,6,tt4411554,Horror
Movie,Who? What? Where? Wolf!!!,2016,0,tt5330902,Horror
Short,Tutorial,2016,3,tt5330854,Horror
Short,Friends Forever,2016,0,tt5331612,Horror
Short,Koritsia tis thalassas,2016,9,tt5333132,Horror
Short,The Call of Charlie,2016,8,tt5334598,Horror
Short,The Existential Zombie,2016,1,tt5333890,Horror
Short,She,2016,10,tt5334102,Horror
TV Movie,Die Geur van Appelkose,2016,0,tt5338346,Horror
Short,Thrust of the Blade,2016,4,tt5337414,Horror
Movie,Aurora,2016,0,tt5341128,Horror
Short,The Devilman,2016,0,tt5341078,Horror
Movie,The spirit chaser,2016,0,tt5340542,Horror
Movie,Zoombies,2016,10,tt5340882,Horror
Short,The Hand. Return,2016,1,tt5341538,Horror
Short,Slayer A.D.,2016,5,tt5342520,Horror
Short,"Eternal Coma, 1994",2016,6,tt5342196,Horror
Short,The Puppet Man,2016,1,tt5340864,Horror
Movie,Exscind,2016,0,tt5343730,Horror
Short,Staged,2016,10,tt5344394,Horror
Movie,Patient Seven,2020,7,tt5345298,Horror
Short,Divination,2016,1,tt5350044,Horror
Movie,Gritos del Monday,2016,4,tt5350098,Horror
Movie,Çagrilan,2016,2,tt5352034,Horror
Short,Circles,2016,1,tt5350688,Horror
Short,Dusty,2016,1,tt5353006,Horror
Movie,Vile Prey,2016,10,tt5352998,Horror
Short,Flamingo,2016,3,tt5355360,Horror
Movie,Lake on Fire,2016,1,tt5354458,Horror
Short,Captured,2017,10,tt5851592,Horror
Movie,Sacrilege,2017,5,tt5848862,Horror
Movie,Kodomo tsukai,2017,6,tt5856116,Horror
Movie,The Doll Master,2018,3,tt5856594,Horror
Movie,The Atoning,2017,9,tt5854198,Horror
Short,Agatha,2017,10,tt5860750,Horror
Short,I Contacted Poison Control,2017,3,tt5862836,Horror
Movie,Sleep No More,2018,10,tt5861882,Horror
Short,Wettlaufers Widow,2017,10,tt5859042,Horror
Movie,Verónica,2018,2,tt5862312,Horror
Short,Eddie,2017,7,tt5858234,Horror
Movie,Fagyott május,2017,5,tt5863822,Horror
Short,Svarta Madam,2017,2,tt5868058,Horror
Short,Over the Fairy Hill,2017,3,tt5862464,Horror
Movie,O Vídeo 2,2017,11,tt5871412,Horror
Short,Orpheum,2017,4,tt5867404,Horror
Movie,Attack of the Adult Babies,2017,9,tt5871318,Horror
Short,Birthday,2018,4,tt5869246,Horror
Short,Into the Black,2017,0,tt5866170,Horror
Short,Lunch Box,2017,10,tt5873448,Horror
Movie,The City of Gold,2018,12,tt4113346,Horror
Movie,CobraGator,2018,0,tt4155680,Horror
Movie,3:15 AM,2018,10,tt4161376,Horror
Movie,Bacao,2018,6,tt4157484,Horror
Movie,Inner Ghosts,2020,3,tt4177670,Horror
Movie,Black Pumpkin,2020,12,tt4180532,Horror
Short,Malacostraca,2018,9,tt4185538,Horror
Movie,Achoura,2020,2,tt4188180,Horror
Short,Hunted: Outbreak,2018,0,tt4187646,Horror
Movie,Exit 14,2018,12,tt4202970,Horror
Movie,Moma's Spirit,2018,3,tt4203788,Horror
Movie,Something in the Dark,2018,10,tt4204450,Horror
Short,Ghost Walks,2018,1,tt4208978,Horror
Movie,Virus of the Dead,2018,11,tt4225092,Horror
Movie,Eat Me,2018,3,tt4229864,Horror
Movie,The Key and the Answer,2018,0,tt4259842,Horror
Movie,The Snarling,2018,10,tt4263780,Horror
Short,Ben: The Movie,2018,10,tt4266102,Horror
Movie,La nuit a dévoré le monde,2018,3,tt4266076,Horror
Movie,Seven Stages to Achieve Eternal Bliss by Passing Through the Gateway Chosen by the Holy Storsh,2020,3,tt4270452,Horror
Movie,Seven in Heaven,2018,10,tt4269118,Horror
Movie,Chuck Steel: Night of the Trampires,2021,10,tt4278346,Horror
Movie,West of Hell,2018,6,tt4287470,Horror
Movie,The Iced Hunter,2018,5,tt4305160,Horror
Movie,American Exorcist,2018,10,tt4312842,Horror
Movie,Blackout,2018,3,tt4335614,Horror
Movie,The Beast of Calvary Creek,2018,1,tt4352538,Horror
Movie,Hide in the Light,2018,10,tt4369136,Horror
Short,Seen,2018,10,tt4368570,Horror
Movie,Blood Vow,2018,1,tt4372084,Horror
Movie,Mulgoe,2018,9,tt4374286,Horror
Movie,Pumpkins,2018,1,tt4381382,Horror
Movie,Finding GrassMan,2018,3,tt4404206,Horror
Movie,Slice,2018,9,tt4411234,Horror
Movie,The Spiritualist,2018,10,tt4418152,Horror
Movie,Boogeyman Pop,2018,6,tt4422886,Horror
Movie,Island of the Dolls,2018,10,tt4423788,Horror
Movie,Aux,2018,3,tt4443974,Horror
Movie,Killing Joan,2018,4,tt4454834,Horror
Movie,In Memory Of,2018,6,tt4457008,Horror
Short,I Think You Should Flee,2018,12,tt4472982,Horror
Movie,Necronomicón,2018,3,tt4491146,Horror
Movie,Rumah Belanda,2018,1,tt4504144,Horror
Movie,Bigfoot,2018,8,tt4503112,Horror
Movie,Tainted Love,2018,2,tt4507566,Horror
Movie,Headgame,2018,2,tt4518962,Horror
Short,A Novel Tale of Grave Danger,2018,12,tt4516814,Horror
Movie,Darkness Reigns,2018,7,tt4520518,Horror
Movie,Overlord,2018,11,tt4530422,Horror
Movie,Kembalinya Anak Iblis,2019,9,tt10768346,Horror
Short,Locker,2019,5,tt10767566,Horror
Movie,La llorona,2020,6,tt10767168,Horror
Short,Unity,2019,7,tt10767384,Horror
Movie,Slaughterhouse Slumber Party,2019,8,tt10771232,Horror
Short,The Slit-Mouthed Woman,2019,3,tt10771014,Horror
Short,Punisher,2019,5,tt10771492,Horror
Short,Dibbuk,2019,7,tt10772310,Horror
Short,A Haunting at The Octagon Mansion,2019,8,tt10772508,Horror
Short,Birds of a Feather,2019,6,tt10773246,Horror
Short,It Whispers,2019,10,tt10772348,Horror
Short,Violeta,2019,10,tt10772728,Horror
Short,Gray Matters,2019,9,tt10772994,Horror
Short,By Night's End,2019,8,tt10771344,Horror
Movie,Texas Death Trippin',2019,12,tt10772304,Horror
Short,I Want Mommy,2019,7,tt10773386,Horror
Short,Maledictus,2019,8,tt10777280,Horror
Movie,Alyti,2020,9,tt10776598,Horror
Short,Vacant Rooms,2019,7,tt10774576,Horror
Short,The Fork,2019,10,tt10777088,Horror
Short,Ashes,2019,7,tt10776436,Horror
Short,Return To Haddonfield,2019,10,tt10776702,Horror
Short,Hora de cenar,2019,8,tt10777296,Horror
Short,The Ferryman,2019,0,tt10778584,Horror
Short,Locked In,2019,10,tt10786718,Horror
Short,Blackface,2019,4,tt10783516,Horror
Movie,Insight of Evil 2: Vengeance,2019,10,tt10783080,Horror
Short,Legend of Takawa,2019,12,tt10787718,Horror
Short,My Boyfriend the Boogeyman,2019,0,tt10787274,Horror
Short,The Hitchhiker,2019,6,tt10785206,Horror
Short,The Painter,2020,4,tt12234750,Horror
Short,Clowning Around,2020,4,tt12235836,Horror
Short,From Outside,2020,4,tt12236310,Horror
Short,FEIC - Fonti eminenti inconfutabili confermano,2020,9,tt12239222,Horror
Short,Momma,2020,5,tt12236288,Horror
Short,Widow Maker: The Soul-Sucking Dog,2020,4,tt12236242,Horror
Short,Critical Perfection,2020,10,tt12237116,Horror
Short,"Don't Worry, You Don't Exist",2020,4,tt12241238,Horror
Short,Alone,2020,4,tt12239042,Horror
Short,Nederlands-Engels Woordenboek,2020,4,tt12239128,Horror
Short,Capture,2020,5,tt12242936,Horror
Short,Catalyst,2020,4,tt12241482,Horror
Short,Tapes,2020,5,tt12244152,Horror
Short,Strange Encounters,2020,5,tt12245806,Horror
Short,Bite Me,2020,5,tt12244390,Horror
Short,Plu-ral,2020,4,tt12244676,Horror
Short,Toby Doll,2020,5,tt12245110,Horror
Short,In My Name,2020,3,tt12245768,Horror
Short,Domain,2020,4,tt12247826,Horror
Short,Watching You,2020,3,tt12245872,Horror
Short,Peer,2020,4,tt12246836,Horror
Short,Envy,2020,4,tt12249036,Horror
Movie,Life.,2021,5,tt14165710,Horror
Short,Fame Fatale,2021,0,tt14164708,Horror
Short,"Night, Night, Baby 3: Goodnight Forever",2021,8,tt14168392,Horror
Short,Gold Coins,2021,3,tt14168888,Horror
Movie,Grindsploitation 9,2021,2,tt14170458,Horror
Movie,IRUL: Ghost Hotel,2021,3,tt14170178,Horror
Short,No Return,2021,3,tt14170108,Horror
Short,A Chamada,2021,3,tt14172656,Horror
Short,Emory Woods,2021,0,tt14175438,Horror
Short,The Pack,2021,0,tt14172892,Horror
Movie,Miracle Valley,2022,0,tt14174586,Horror
Short,Doppelgänger,2021,3,tt14174278,Horror
Short,The Faraway Place,2022,11,tt19316160,Horror
Short,Don't Look in the Basement,2022,3,tt19316712,Horror
Movie,Haunted Universities 2nd Semester,2022,3,tt19328882,Horror
Short,Blood and Black Lace,2022,4,tt19355610,Horror
Short,Scream: Fan Film,2022,8,tt19357018,Horror
Short,OST,2022,4,tt19353940,Horror
Short,Mittel Würffel,2022,3,tt19354910,Horror
Short,MORBIUS,2022,4,tt19356146,Horror
Movie,Winter of '83,2022,4,tt19357478,Horror
Short,Who's There,2022,4,tt19358828,Horror
Short,Backrooms Found Footage,2022,3,tt19359866,Horror
Short,DIEver,2022,5,tt19363900,Horror
Movie,No: 26 Ölüm Çigligi,2022,4,tt19357830,Horror
Short,Hide and Seek,2022,4,tt19364200,Horror
Movie,Iblis: Karanligin Sahibi,2022,4,tt19357834,Horror
Short,Aranya Sen,2022,3,tt19365024,Horror
Short,The Cleansing,2022,5,tt19365498,Horror
Movie,Piranha Women,2022,6,tt19365926,Horror
Short,Erecting A Monster,2022,5,tt19367438,Horror
Short,Terroir,2022,12,tt19369392,Horror
Short,Peripheral,2022,10,tt19369570,Horror
Movie,RiffTrax: Zombie Nightmare,2022,4,tt19369784,Horror
Movie,The Killer Balloon,2022,4,tt19370248,Horror
Movie,Trash Juice,2022,10,tt19370780,Horror
Short,Wanna Play A Game,2022,1,tt19369296,Horror
Short,The knifemare,2022,3,tt19365404,Horror
Movie,Day 66,2023,5,tt27811641,Horror
Movie,Wicked Fright,2023,5,tt27812098,Horror
Movie,The Poors,2023,5,tt27812638,Horror
Short,Ghunghroo,2023,5,tt27812992,Horror
Short,Slumber Hunger,2023,5,tt27813558,Horror
Short,Beholder,2023,5,tt27814965,Horror
Short,GhostGame,2023,5,tt27817365,Horror
Movie,Vloek: kutukan,2023,8,tt27818377,Horror
Short,Noctambule,2023,9,tt27818862,Horror
Short,Tape X,2023,5,tt27825585,Horror
Short,A nap...,2023,5,tt27826966,Horror
Short,Paradise Hell,2023,1,tt27829138,Horror
Movie,Barbatachtian 5: Alive,2023,4,tt27829251,Horror
Movie,Mansplained,2023,9,tt27829732,Horror
Short,Blackwater,2023,4,tt27830338,Horror
Movie,The Hand,2023,6,tt27830625,Horror
Short,Perfect Match,2023,2,tt27831431,Horror
Movie,Meera Ka Mohan,1992,2,tt0378343,Romance
Movie,Sana kahit minsan,1992,6,tt0385212,Romance
Movie,Qaid Mein Hai Bulbul,1992,3,tt0390400,Romance
Movie,Boy Friend,1993,10,tt0395480,Romance
Movie,Kanmani,1994,1,tt0317807,Romance
Movie,Pehla Pehla Pyar,1994,5,tt0317985,Romance
Movie,Amor que mata,1994,10,tt0318984,Romance
Movie,Rasigan,1994,7,tt0331642,Romance
Movie,Headphoneul beosheora,1994,6,tt0333547,Romance
Movie,Pinkbit gangtong,1994,1,tt0334113,Romance
Movie,Nuga naleul michige haneunga,1995,9,tt0285804,Romance
Movie,Haqeeqat,1995,12,tt0286672,Romance
Movie,Tranzito,1995,3,tt0289575,Romance
Movie,Endoresu warutsu,1995,10,tt0291149,Romance
Movie,I zoi enamisy hiliariko,1996,5,tt0292387,Romance
Movie,Vizio e provocazione,1995,0,tt0295539,Romance
Movie,Kirot 2,1995,0,tt0301512,Romance
Movie,Sri Krishnarjuna Vijayam,1996,5,tt0267950,Romance
Movie,Jincha sanai,1996,4,tt0272681,Romance
Movie,Istanbul Kanatlarimin Altinda,1996,3,tt0272142,Romance
Movie,Udyanapalakan,1996,12,tt0271849,Romance
TV Movie,D'amour et d'eau salée,1996,8,tt0273163,Romance
Movie,Kaathil Oru Kinnaram,1996,7,tt0275441,Romance
TV Movie,Un homme,1997,6,tt0219371,Romance
Movie,Flames: The Movie,1997,7,tt0216753,Romance
Movie,Mohabbat,1997,9,tt0217660,Romance
Movie,Sled kraja na sveta,1998,11,tt0206303,Romance
TV Movie,Wuthering Heights,1998,4,tt0204744,Romance
Movie,Doli Saja Ke Rakhna,1998,11,tt0207415,Romance
Movie,Prem Aggan,1998,10,tt0210920,Romance
Movie,Bun siu hai,1999,12,tt0241222,Romance
Short,Dolphins,2000,4,tt0240457,Romance
Movie,Shôjo kakumei Utena: Adolescence mokushiroku,1999,8,tt0243558,Romance
TV Movie,Liebe versetzt Berge,1999,12,tt0244037,Romance
Short,Deadtime,1999,10,tt0245860,Romance
Movie,Sirf Tum,1999,6,tt0244794,Romance
Movie,Inteha,1999,2,tt0246701,Romance
TV Movie,Papa's Angels,2000,12,tt0263836,Romance
Movie,Jis Desh Mein Ganga Rehta Hain,2000,10,tt0263491,Romance
Movie,Bangkok Dangerous,2002,1,tt0263101,Romance
Movie,A kis utazás,2000,11,tt0265017,Romance
Movie,Parsley Days,2000,9,tt0263840,Romance
TV Movie,One True Love,2000,10,tt0263817,Romance
Short,Boychick,2001,3,tt0287942,Romance
Short,Wonder,2001,10,tt0289627,Romance
TV Movie,Personals: College Girl Seeking...,2001,4,tt0288730,Romance
Movie,Say Nothing,2001,12,tt0288808,Romance
Movie,Wai See Lee: Lam huet yan,2002,3,tt0324518,Romance
TV Movie,Regentage,2002,3,tt0323788,Romance
Movie,Romance,2002,4,tt0323829,Romance
Movie,Akala mo...,2002,5,tt0324975,Romance
Movie,Sam & Janet,2002,5,tt0323874,Romance
Movie,Blue,2003,3,tt0326773,Romance
Movie,Ya no los hacen como antes,2003,5,tt0368452,Romance
Movie,Walang kapalit,2003,5,tt0368428,Romance
Movie,Parwana,2003,9,tt0366880,Romance
Movie,Hob el banat,2004,2,tt0366581,Romance
Movie,Pride and Prejudice,2003,12,tt0366920,Romance
Movie,Il posto dell'anima,2003,5,tt0366915,Romance
Short,This Car Up,2003,4,tt0367137,Romance
TV Movie,Wuthering Heights,2003,9,tt0367245,Romance
Movie,Okkadu,2003,1,tt0366840,Romance
Movie,Laam seung lui gwong,2004,2,tt0408981,Romance
Movie,Muskaan,2004,3,tt0409068,Romance
TV Movie,Der Traum vom Süden,2004,6,tt0410803,Romance
Movie,Shart: The Challenge,2004,8,tt0410591,Romance
Short,Running Without Sound,2004,6,tt0410536,Romance
Movie,Slutty Summer,2004,6,tt0411883,Romance
Movie,All My Life,2004,5,tt0411096,Romance
TV Short,Boy Meets Girl Stories #4: Geen antwoord,2005,0,tt0452167,Romance
Movie,Dubai,2005,9,tt0453040,Romance
TV Movie,The Dive from Clausen's Pier,2005,7,tt0452611,Romance
Movie,Elsa y Fred,2005,7,tt0453047,Romance
Movie,Sachein,2005,4,tt0453201,Romance
TV Movie,Mama und der Millionär,2005,3,tt0453515,Romance
Movie,Cumbia callera,2008,10,tt0897249,Romance
Movie,Red: The Dark Side,2007,3,tt0896968,Romance
Movie,Oviedo Express,2007,10,tt0896957,Romance
Movie,14 Days in Paradise,2007,1,tt0898887,Romance
Short,Blue Butterfly,2021,9,tt10849812,Romance
Short,Deh Sukh 2,2020,5,tt10851198,Romance
Movie,Sayonara made no 30-bun,2020,1,tt10857048,Romance
Movie,Womanhood,2020,5,tt10859670,Romance
Short,"Sunny, Pomona",2021,3,tt10869180,Romance
Movie,In a Sentimental Mood,2021,2,tt12714422,Romance
Movie,Infame,0,0,tt15070914,Romance
Movie,Askin Gönül Yazisi,2022,7,tt15072672,Romance
Movie,Un novio para mi mujer,2022,7,tt15092772,Romance
Short,Hatya,2022,11,tt15094830,Romance
Movie,Osman Sekiz,2022,4,tt15114166,Romance
Movie,82 Bunsho,1995,12,tt28331529,Thriller
Movie,Mi mi da zhui sha,1995,0,tt28660615,Thriller
TV Movie,Pigilin natin ang dilim,1995,0,tt28857336,Thriller
Short,Eight Ball,1999,5,tt5960506,Thriller
Short,Eight Ball,1999,10,tt5964886,Thriller
Movie,Wait a Minute,1999,3,tt6257646,Thriller
TV Movie,Jahan Pyaar Mile,1999,1,tt6380828,Thriller
TV Movie,Assassini per caso,1999,6,tt8659854,Thriller
Movie,Kureyon Shinchan: Arashi o Yobu Janguru!,2000,4,tt2180441,Thriller
Movie,All in Theory,2000,12,tt2302515,Thriller
Movie,Primavera di granito,2000,0,tt2473052,Thriller
Short,Mensagem,2001,8,tt2523120,Thriller
Movie,Mere Aagosh Mein,2000,1,tt2663796,Thriller
Movie,The Naked Truth,2000,1,tt2663784,Thriller
Movie,Ek Nari Do Roop,2000,1,tt2663852,Thriller
Movie,Uff Yeh Nasha,2000,1,tt2722872,Thriller
Movie,Empty Mirror,2000,7,tt2727252,Thriller
Movie,Sparsha,2000,6,tt2917334,Thriller
TV Movie,Dr. Munshir Diary,2000,0,tt2929826,Thriller
Short,Dear Father,2001,1,tt11230238,Thriller
Movie,X dang an Sha wu she,2001,0,tt11502648,Thriller
Movie,Mutham,2002,12,tt10295786,Thriller
Movie,Meitantei Conan: Ginyoku no kijutsushi,2004,4,tt1133559,Thriller
Movie,Triple Raped,2004,0,tt11806164,Thriller
Short,Wednesday Afternoon,2004,4,tt1183922,Thriller
Movie,Ab... Bas!,2004,11,tt1202344,Thriller
Short,Playing God,2004,0,tt1223456,Thriller
Movie,Per giusto omicidio,2004,0,tt1227171,Thriller
Short,Suicide Run,2005,6,tt1033633,Thriller
TV Movie,Ömer Seyfettin: Perili kösk,2005,0,tt10345862,Thriller
Short,Lisa,2005,11,tt1038040,Thriller
Movie,13 segundos,2005,6,tt1043716,Thriller
Short,Backhand,2005,10,tt1055268,Thriller
Short,The Silver Rope,2006,11,tt0929793,Thriller
TV Movie,Her Sister's Keeper,2008,8,tt0930063,Thriller
Short,Room 36,2007,8,tt1149402,Thriller
TV Movie,Second Sight,2008,6,tt1151400,Thriller
Movie,3 Days of Darkness,2007,12,tt1151836,Thriller
Short,Paper Girl,2007,0,tt1152279,Thriller
Short,Le rédempteur,2007,11,tt1153045,Thriller
Short,Sebastian & Alan,2007,10,tt1153048,Thriller
Short,Oftalmós,2007,10,tt1155067,Thriller
Movie,Loop,2007,10,tt1155062,Thriller
Movie,Gekijô ban Kara no kyôkai: Dai isshô - Fukan fûkei,2007,12,tt1155650,Thriller
Short,The Interrogation,2007,11,tt11561638,Thriller
Movie,Green Eyed Monster,2007,9,tt1156311,Thriller
Movie,Divar,2008,7,tt1313108,Thriller
Movie,25Gs,2008,3,tt1313225,Thriller
Movie,Nocturnos,2008,8,tt1313251,Thriller
Movie,Rabid Rage,2009,11,tt1313879,Thriller
Short,Class Savage,2008,11,tt1314172,Thriller
Movie,Ru-Ba-Ru,2008,9,tt1314367,Thriller
TV Movie,Troglodyte,2008,6,tt1314248,Thriller
Short,Hush,2008,9,tt1315045,Thriller
Short,Interpretation,2008,11,tt1315047,Thriller
Short,Frozen Seed,2008,4,tt1315042,Thriller
Short,El ataque de los robots de nebulosa-5,2008,10,tt1315346,Thriller
Movie,Muñeco viviente V,2008,11,tt1315393,Thriller
Movie,Christian Blake,2008,5,tt1316041,Thriller
Short,Quarto 38,2008,9,tt1315894,Thriller
Movie,Trickery Mimicry,2009,7,tt1316083,Thriller
Movie,Good People,2008,11,tt1316053,Thriller
Short,Tuesday,2009,4,tt1453448,Thriller
Short,Blacke Revenant,2009,5,tt1453955,Thriller
Short,Dark Heart,2009,3,tt1453978,Thriller
Short,Apparition,2009,1,tt1453949,Thriller
Movie,Ek: The Power of One,2009,3,tt1454461,Thriller
Movie,The Lower Circle,2009,5,tt1454723,Thriller
Short,Fueled,2009,2,tt1454986,Thriller
Short,Intruder,2009,5,tt1455082,Thriller
Short,Faux Finish,2009,8,tt1454925,Thriller
Movie,Go Quietly,2009,10,tt1455012,Thriller
Short,Lateral Us,2009,0,tt1455166,Thriller
Short,Hector Corp.,2009,6,tt1455635,Thriller
Movie,Among Thieves,2009,4,tt1456085,Thriller
Short,The Cold Day in Hell,2010,3,tt1646230,Thriller
Short,6079_Zn,2010,5,tt1646091,Thriller
Movie,Periferic,2010,8,tt1646221,Thriller
Movie,La casa muda,2011,3,tt1646973,Thriller
Short,Vulture,2011,5,tt1646176,Thriller
Short,The Raven,2010,4,tt1646231,Thriller
Short,The Bird Curse,2010,4,tt1646943,Thriller
Movie,Wasted on the Young,2011,3,tt1647483,Thriller
Short,In,2011,1,tt1869486,Thriller
Movie,Bbuddah... Hoga Terra Baap,2011,7,tt1869296,Thriller
Movie,Black Pond,2011,11,tt1869309,Thriller
Short,Eye of the Storm,2011,3,tt1871270,Thriller
Short,One Shot,2011,0,tt1869606,Thriller
Short,Fatale,2011,3,tt1870393,Thriller
Short,Maniac,2011,10,tt1869551,Thriller
Movie,30 días antes,2012,6,tt1871997,Thriller
Short,"ENEMY: In the Deep, Dark Corners",2011,1,tt1871261,Thriller
Movie,Revived,2011,3,tt1872152,Thriller
Movie,Remains,2013,9,tt1870527,Thriller
Movie,Ibn el-Qunsul,2011,3,tt1872084,Thriller
Short,Turn,2011,3,tt1872879,Thriller
Short,Famous,2011,3,tt1873556,Thriller
Short,Instant Message,2011,3,tt1872814,Thriller
Short,Heaven Sent,2012,6,tt2202366,Thriller
Short,When the Clock Strikes Midnight,2012,4,tt2201926,Thriller
TV Movie,Christmas Twister,2012,12,tt2202798,Thriller
Short,Distants,2012,8,tt2201810,Thriller
Movie,Stalker,2012,4,tt2202579,Thriller
Short,Code 72,2012,8,tt2203765,Thriller
Movie,¡Atraco!,2012,8,tt2203951,Thriller
Short,Hiccup,2012,7,tt2204108,Thriller
Short,Emily,2012,5,tt2204924,Thriller
Short,Beneath the Ink,2012,2,tt2202389,Thriller
Short,Offeret,2012,2,tt2203859,Thriller
Short,Shallow,2012,12,tt2203808,Thriller
Short,Some of Angela,2012,7,tt2203842,Thriller
Movie,Kobieta Plus Drzewo,2012,2,tt2204283,Thriller
Short,Sins,2013,6,tt2693018,Thriller
Short,Follow,2013,3,tt2697770,Thriller
Short,Wishful Thinking,2013,2,tt2698106,Thriller
Movie,Final Offense,2013,4,tt2698206,Thriller
Movie,John Day,2013,9,tt2699840,Thriller
Short,The Necklace,2013,9,tt2699762,Thriller
Short,Rough Waters,2013,3,tt2700772,Thriller
Short,Back Up,2015,3,tt2700558,Thriller
Short,OperHator,2013,2,tt2701088,Thriller
Movie,A Shameless Revenge,2013,2,tt2700466,Thriller
Short,Broken Knuckles,2013,8,tt2705192,Thriller
Movie,2013: Holocaust,2013,5,tt2697322,Thriller
Movie,Jinrui shikin,2013,10,tt2700114,Thriller
Short,Devil's Corner,2014,5,tt3361808,Thriller
TV Movie,Tin Man,2014,0,tt3361794,Thriller
Short,Joy Burn,2014,5,tt3361182,Thriller
Movie,Necrofobia,2013,11,tt3360828,Thriller
TV Movie,Client Seduction,2014,9,tt3364316,Thriller
TV Movie,Sorority Surrogate,2014,3,tt3366000,Thriller
Movie,5,2016,1,tt3370900,Thriller
Short,Nona,2014,11,tt3369826,Thriller
TV Movie,Killing Daddy,2014,7,tt3368814,Thriller
Movie,The Truth,2014,5,tt3371582,Thriller
Movie,Purgatorio,2014,4,tt3374866,Thriller
Short,Where Is Alice?,2014,4,tt3373912,Thriller
Short,The Dark,2014,8,tt3376648,Thriller
Movie,Ithu Charuvoda Dating,2014,1,tt3376252,Thriller
Short,Compass Rose,2014,4,tt3379232,Thriller
Short,Gone in the Dark,2014,3,tt3377796,Thriller
Short,Tangled Wire,2014,1,tt3378362,Thriller
Movie,Venial,2014,4,tt3377886,Thriller
Short,Norman Hyde,2014,10,tt3381468,Thriller
Short,Water,2014,0,tt3381570,Thriller
Movie,Curse of Mesopotamia,2015,11,tt3883976,Thriller
Short,Xanadu,2015,12,tt3883454,Thriller
Short,A Boy Named Bellamy,2015,7,tt3888418,Thriller
Movie,Kadavul Paathi Mirugam Paathi,2015,3,tt3885704,Thriller
Movie,Night Fare,2016,1,tt3889166,Thriller
Movie,Tiger Lily,2017,12,tt3889100,Thriller
Movie,Franklin: A Symphony of Pain,2015,1,tt3884666,Thriller
Short,Mae Day,2015,3,tt3889644,Thriller
Short,Lights Out,2015,5,tt3891580,Thriller
Short,Revolve,2015,5,tt3891920,Thriller
Movie,Mile End,2017,4,tt3893826,Thriller
Movie,Ellos Volvieron,2015,1,tt3894340,Thriller
Short,Depth of a Dark Side,2015,2,tt3898080,Thriller
Movie,Gone Tomorrow,2017,0,tt3899070,Thriller
Movie,Savageland,2020,5,tt3899154,Thriller
Movie,Madison Lane,2015,6,tt3898244,Thriller
Short,Sons of the Wicked,2015,0,tt3899380,Thriller
Movie,Last Pickup,2016,11,tt3895838,Thriller
Short,Madam Trigger,2015,2,tt3893926,Thriller
TV Movie,Sharknado 3: Oh Hell No!,2015,7,tt3899796,Thriller
Short,Bird Watching,2015,4,tt3901012,Thriller
TV Movie,Her Infidelity,2015,9,tt3905756,Thriller
Short,Loss,2015,1,tt3901818,Thriller
Short,For Jean-Pierre Melville,2015,11,tt3901162,Thriller
Movie,Sendero,2015,10,tt3901962,Thriller
Movie,Saving Dreams,2016,9,tt4813906,Thriller
Movie,Inside Scarlett,2016,4,tt4809254,Thriller
Movie,Apocalypse Road,2017,12,tt4815204,Thriller
Movie,Here Alone,2017,5,tt4814760,Thriller
Movie,Te3n,2016,6,tt4814290,Thriller
Short,Ectoplasm,2016,6,tt4817500,Thriller
Short,A Beautiful Mess,2016,6,tt4818474,Thriller
Movie,Lens,2017,5,tt4818776,Thriller
Movie,Good Tidings,2016,12,tt4823524,Thriller
Movie,Zhen xiang jin qu,2016,1,tt4828680,Thriller
Short,Break in at Sam Palmer's House,2016,1,tt4832364,Thriller
Movie,Scattered,2016,4,tt4827246,Thriller
Short,Dean's Well,2016,0,tt4829642,Thriller
Movie,Inches from the Ground,2016,3,tt4828600,Thriller
Short,Promotion,2016,1,tt4829108,Thriller
TV Movie,Sharknado 4: The 4th Awakens,2017,1,tt4831420,Thriller
Movie,The Loner,2016,4,tt4831810,Thriller
Short,Blank Face,2016,3,tt4835102,Thriller
Short,Soldier Bee,2016,10,tt4835318,Thriller
Movie,Purasangre,2016,1,tt4835926,Thriller
Short,Four Walls,2016,1,tt4835804,Thriller
Movie,No Good Heroes,2018,7,tt4839414,Thriller
Short,Lioness,2016,6,tt4840298,Thriller
Movie,"Flickan, mamman och demonerna",2016,4,tt4841464,Thriller
Short,Taste,2016,2,tt4839430,Thriller
Movie,MiddleMan,2018,6,tt4835894,Thriller
Short,Only She Knows,2016,1,tt4836052,Thriller
Short,Night Shifts,2016,2,tt4836384,Thriller
Short,Jake,2016,6,tt4836794,Thriller
Movie,Enemy Within,2016,9,tt4837396,Thriller
Short,Yassine Movie,2016,3,tt4837290,Thriller
Short,Emily and the Lightning,2016,4,tt4839432,Thriller
Movie,An Idle Mind Is the Devil's Playground,2016,4,tt4843318,Thriller
Short,Blood is a prisoner,2016,2,tt4845720,Thriller
Short,My Father Has a Choice,2017,0,tt4844176,Thriller
Movie,Jasper Jones,2017,3,tt5091014,Thriller
Movie,M.F.A.,2017,10,tt5091530,Thriller
Movie,O lyubvi,2017,3,tt5091108,Thriller
Movie,Watch the Sunset,2019,8,tt5094040,Thriller
Movie,Echoes of the Passed,2017,0,tt5095194,Thriller
Short,Cold Brass,2017,4,tt5094914,Thriller
Movie,Kyrsyä - Tuftland,2018,4,tt5104330,Thriller
Movie,Ghost Note,2017,8,tt5109302,Thriller
Movie,One Under the Sun,2017,3,tt5110386,Thriller
Movie,Super Dark Times,2017,9,tt5112578,Thriller
Movie,Noctem,2017,5,tt5111550,Thriller
Short,Cassette,2017,5,tt5112462,Thriller
Movie,The Keeping Hours,2018,7,tt5114154,Thriller
Movie,Veras Mantel,2017,2,tt5113868,Thriller
Movie,Adam,2017,0,tt5118062,Thriller
Movie,Perfect sãnãtos,2017,9,tt5120010,Thriller
Movie,Alien Shadows,2017,12,tt5118616,Thriller
Movie,Pyewacket,2018,3,tt5119116,Thriller
Movie,True to the Game,2017,9,tt5116504,Thriller
Movie,El bar,2017,3,tt5121816,Thriller
Movie,Vo veki vechnye,2017,3,tt5125582,Thriller
Movie,A Good Dream,2017,7,tt5126730,Thriller
Short,Stand Up,2017,3,tt5125668,Thriller
Movie,O Animal Cordial,2018,8,tt5126274,Thriller
Short,Awakening,2017,4,tt5127812,Thriller
Short,A Simple Job,2017,11,tt5127918,Thriller
Short,Hitchhiker,2017,9,tt5136540,Thriller
Movie,Skinford,2017,3,tt5136686,Thriller
Movie,Xenophilia,2017,12,tt5139394,Thriller
Short,The Good Machine,2017,5,tt5140226,Thriller
Movie,Annabelle: Creation,2017,8,tt5140878,Thriller
Short,Triangle,2017,9,tt5141620,Thriller
Short,The Dissection of Jack & Jill,2017,8,tt5142086,Thriller
Short,Seth,2016,12,tt5143110,Thriller
Movie,12 Feet Deep,2017,6,tt5143226,Thriller
Short,Smoke,2017,10,tt5143926,Thriller
Short,Lost in Tokyo,2017,7,tt5150426,Thriller
Short,Reverend,2017,5,tt5147510,Thriller
Movie,Illicit,2017,5,tt5152606,Thriller
Movie,The Discovery,2017,3,tt5155780,Thriller
Movie,Escape Room,2017,11,tt5159414,Thriller
Movie,Nibunan,2017,7,tt5159408,Thriller
Movie,Nightworld,2017,10,tt5157052,Thriller
Movie,The Scenic Route,2018,9,tt13242792,Thriller
Short,Dogface,2018,0,tt13256150,Thriller
Short,Paradise,2018,12,tt13273558,Thriller
Short,Nightswims,2018,7,tt13279128,Thriller
Short,Iniquitous Interrogation,2018,8,tt13316130,Thriller
Short,Interior,2018,6,tt13323766,Thriller
Short,Sweet Like Poison,2018,6,tt13331612,Thriller
Short,Valentine Day Ka Side Effect,2018,2,tt13346998,Thriller
Short,Reflection,2018,8,tt13363622,Thriller
Short,Obscurity,2018,3,tt13369410,Thriller
Short,L'oscura presenza - Prologo,2018,6,tt13374328,Thriller
Short,Run for Your Life,2018,7,tt13380636,Thriller
Movie,Werewolf Game: Prison Break,2018,5,tt13445838,Thriller
Short,Wost Prom Ever,2018,5,tt13476294,Thriller
Short,The Man in the Bowler Hat,2018,2,tt13483994,Thriller
Movie,Kesikbas,2018,12,tt13485508,Thriller
Movie,Vefk: Ölüm çagirdi,2018,11,tt13486272,Thriller
Short,Celebr8,2018,10,tt13490714,Thriller
Short,Woke,2018,12,tt13490422,Thriller
Short,The Parable of Allison,2019,0,tt10488438,Thriller
Short,Entanglement,2019,6,tt10492754,Thriller
Movie,"The Woe Land Saga, Chapter 1: ingrID",2019,8,tt10492778,Thriller
Short,I Love You,2019,6,tt10494498,Thriller
Short,Dream_Girl,2019,6,tt10495404,Thriller
Movie,Casablanca,2019,6,tt10497826,Thriller
Short,The Devil She Knows,2019,4,tt10498850,Thriller
Movie,Annabellum: The Curse of Salem,2019,8,tt10498810,Thriller
Movie,Hamlet Pheroun,2019,7,tt10497516,Thriller
Movie,Caliche Run,2019,9,tt10499108,Thriller
Short,The Amazing World of Emma,2019,8,tt10498478,Thriller
Short,Alternate,2019,6,tt10499936,Thriller
Movie,Midnight Ruins,2019,4,tt10497914,Thriller
Short,Guilt,2019,9,tt10499300,Thriller
Short,The Factory at Echo Lake,2019,4,tt10503012,Thriller
Short,Morally Relativistic,2020,2,tt11750326,Thriller
Movie,Voces,2020,11,tt11750282,Thriller
Movie,Tarung Sarung,2020,12,tt11749980,Thriller
Short,Die Waschmaschine,2020,3,tt11747978,Thriller
Movie,The Mountain Kings,2020,7,tt11750260,Thriller
Short,The Rift - Candidate 23,2020,2,tt11749482,Thriller
Short,Tick Tick Tick,2020,2,tt11752970,Thriller
Short,The Instrument,2020,0,tt11756502,Thriller
Short,Friend,2020,10,tt11755386,Thriller
Short,Unleash the Rage,2020,2,tt11757782,Thriller
Short,Freeze Your Brain,2020,3,tt11758948,Thriller
Short,Hannah & the Friend Zone,2020,2,tt11759580,Thriller
Short,Dispute - II A film by mirzamlk,2020,2,tt11761284,Thriller
Short,Half the Man,2020,0,tt11759182,Thriller
Short,Sam,2020,0,tt11761282,Thriller
Short,Harassed,2020,1,tt11761850,Thriller
Short,f/0,2020,1,tt11760210,Thriller
Movie,BIR,2020,2,tt11760270,Thriller
Movie,White Noise,2021,12,tt13786562,Thriller
Movie,Yug the law of karma,2021,1,tt13788046,Thriller
Short,Season of the Worm,2021,6,tt13786492,Thriller
Movie,Outlier,2021,11,tt13793884,Thriller
Short,Rare,2021,2,tt13793000,Thriller
Movie,The 2nd Wave,2021,2,tt13793428,Thriller
Movie,The Last Two Days,2021,5,tt13796242,Thriller
Movie,Bumper Policy,2022,2,tt16912492,Thriller
Short,Regalo,2022,4,tt16951398,Thriller
Movie,Non-Disclosure,2022,2,tt16954632,Thriller
Short,The Replacements,2022,1,tt16960952,Thriller
Movie,Gangs of 18,2022,0,tt16965118,Thriller
Movie,Daddy's Little Nightmare,2022,1,tt16967964,Thriller
Short,Night at the Neptune,2022,0,tt16968426,Thriller
Short,Lesion,2022,12,tt16968876,Thriller
Movie,Noche Americana,2022,2,tt16969742,Thriller
Movie,Kinjirareta asobi,2023,10,tt26758292,Thriller
Movie,Detektor,2023,3,tt26761217,Thriller
Movie,Kukolnik,2023,3,tt26761313,Thriller
Movie,Watching Amber,2023,10,tt26761732,Thriller
Movie,Streaming,2023,0,tt26762096,Thriller
Short,Biet,2023,2,tt26762535,Thriller
Short,Graveyard of Dreams,2023,2,tt26762793,Thriller
Movie,Ako si Ninoy,2023,2,tt26762997,Thriller
Short,Perdue de vue,1995,0,tt7042224,Mystery
TV Movie,Sheyal Debota Rahasya,1996,0,tt6814204,Mystery
Short,Southwest,1999,0,tt6869360,Mystery
Short,The Victim,2000,7,tt7428098,Mystery
Short,"Marie-Madeleine,",2002,0,tt5555410,Mystery
Movie,Addi Tappaa,2005,0,tt10100872,Mystery
Movie,Andalus,2005,12,tt10137406,Mystery
Movie,One piece: Omatsuri danshaku to himitsu no shima,2005,3,tt1018764,Mystery
Short,Kristallportale,2006,10,tt0926094,Mystery
Movie,Lion,2006,1,tt0928191,Mystery
Short,The Silver Rope,2006,11,tt0929793,Mystery
Short,Seul,2006,10,tt0929280,Mystery
TV Movie,Number 13,2006,12,tt0934533,Mystery
Movie,Liu hao chu kou,2007,5,tt0934427,Mystery
Short,The Sled,2007,9,tt1119212,Mystery
Short,Reflections,2007,10,tt1119664,Mystery
Short,Voces,2007,10,tt1121108,Mystery
Short,Kirksdale,2007,8,tt1121949,Mystery
Short,The Truth About Faces,2007,10,tt1121974,Mystery
Movie,Panama,2008,5,tt1338653,Mystery
Movie,Aswang: A Journey Into Myth,2008,2,tt1339050,Mystery
Short,Cowboy,2008,0,tt1339071,Mystery
Movie,7,2008,9,tt1339040,Mystery
Movie,The Ceremony,2008,12,tt1339063,Mystery
Movie,Sessions of the Mind,2008,9,tt1339166,Mystery
Movie,Sunshine Away,2008,12,tt1339178,Mystery
Short,A Brush with Murder,2008,10,tt1339532,Mystery
Short,Pantomima,2008,6,tt1339672,Mystery
Short,Where's Dookie Cannata?,2008,11,tt1340139,Mystery
Short,A Noble Way,2008,8,tt1340600,Mystery
Short,The Mystery of the Missing Matron,2008,10,tt1340599,Mystery
Movie,Cellule 66,2008,11,tt1340560,Mystery
Movie,The Chauffeur,2008,1,tt1340561,Mystery
Short,Veracity: We All Shine On,2009,5,tt1480698,Mystery
Movie,Accused at 17,2010,5,tt1480649,Mystery
Short,Awaken,2009,7,tt1482383,Mystery
Short,Encrucijada,2009,9,tt1482446,Mystery
Movie,Kamisama herupu!,2010,8,tt1653881,Mystery
Movie,Be-seu-teu-sel-leo,2010,4,tt1655617,Mystery
Movie,Gôsuto,2010,11,tt1655400,Mystery
TV Movie,Exposed,2011,3,tt1878932,Mystery
Short,The Key to Annabel Lee,2011,4,tt1879072,Mystery
Movie,I Have Loved,2011,9,tt1880230,Mystery
Short,Save the Planet,2011,8,tt1880319,Mystery
Movie,Hij,2011,6,tt1880220,Mystery
Short,World's End,2012,12,tt2267848,Mystery
Short,Ceaseless,2012,2,tt2268399,Mystery
Short,You're Not Safe Here,2012,7,tt2269920,Mystery
Short,Der letzte Regen,2012,8,tt2271289,Mystery
Short,Palla al matt',2012,6,tt2270486,Mystery
TV Movie,Nigaoe sôsakan 001 gô,2012,3,tt2271503,Mystery
Short,The Telling,2013,6,tt2795608,Mystery
Short,Specimen 0625c,2013,3,tt2797346,Mystery
Short,Powrót,2013,6,tt2797786,Mystery
Movie,Spirit Cabinet,2013,10,tt2800302,Mystery
Short,Silent Spectrum,2013,9,tt2800486,Mystery
Short,Return of the Body Snatchers,2013,4,tt2803236,Mystery
Movie,The Lost Mantle of Elijah,2013,5,tt2805316,Mystery
Short,Tierra escarlata,2013,2,tt2805550,Mystery
Short,White Rabbit,2014,1,tt3521682,Mystery
Short,Bad-Guy,2014,6,tt3521758,Mystery
TV Movie,The Good Sister,2014,0,tt3521746,Mystery
Movie,The Ark of the Witch,2014,1,tt3522700,Mystery
Short,Toybox,2014,10,tt3522414,Mystery
Short,M is for Mobile,2014,10,tt3522368,Mystery
Short,Cárcere Privado,2014,1,tt3525858,Mystery
TV Movie,Status: Unknown,2014,2,tt3525764,Mystery
Movie,A Rainy Day,2014,1,tt3527068,Mystery
Short,Anti Cupido,2014,6,tt3524542,Mystery
Movie,After the Third Bell,2014,4,tt3526430,Mystery
Short,Tokyo Flow,2014,3,tt3527516,Mystery
TV Movie,Lost Boy,2016,5,tt4355236,Mystery
Short,Out of the Box,2015,0,tt4355416,Mystery
Movie,Pinku to gurê,2016,1,tt4360406,Mystery
Short,Jacquerie,2015,5,tt4360490,Mystery
Short,High Phantom Playback,2018,6,tt4360272,Mystery
Short,Anomie,2015,10,tt4361078,Mystery
Movie,Crumbs,2015,11,tt4362764,Mystery
Short,The Mine,2015,5,tt4363260,Mystery
TV Movie,Romantically Speaking,2015,4,tt4364862,Mystery
Movie,DristiBhram,2015,1,tt4361472,Mystery
Short,Visited,2015,1,tt4365184,Mystery
Short,Velkommen til Paradis,2015,3,tt4365576,Mystery
Movie,Die: Lianhua,2015,1,tt4365336,Mystery
Movie,Death at the Christmas Tree Party,2016,12,tt5175332,Mystery
Short,The Missing Knife,2016,0,tt5177386,Mystery
Movie,The Dead End,2016,11,tt5175604,Mystery
Movie,Buster's Mal Heart,2017,5,tt5173032,Mystery
Short,The Serene Heartache,2016,1,tt5177846,Mystery
Short,Gridlock,2016,7,tt5180990,Mystery
Short,Moretta,2016,2,tt5182126,Mystery
Short,Sparte,2016,5,tt5183186,Mystery
Movie,La verità sta in cielo,2016,10,tt5186860,Mystery
Movie,Within Circles,2016,6,tt5187346,Mystery
Movie,Aibô: Gekijô-ban IV,2017,2,tt5738264,Mystery
Movie,The Moose Head Over the Mantel,2017,0,tt5740994,Mystery
Short,Flock,2017,3,tt5744330,Mystery
Movie,Maze,2017,9,tt5752606,Mystery
Short,Prophecy Eleven,2017,1,tt5751150,Mystery
Movie,Small Town Crime,2018,1,tt5751998,Mystery
Short,Light Drifter,2017,3,tt5755298,Mystery
Movie,The Landing,2018,8,tt5754992,Mystery
Short,Unbound,2017,0,tt5767338,Mystery
Movie,Kill 'Em All,2017,6,tt5767628,Mystery
Short,Bandwidth,2017,6,tt5763122,Mystery
Short,Shadow of Doubt,2017,8,tt5765148,Mystery
Short,Hindsight,2017,7,tt5764848,Mystery
Short,La Perla,2017,3,tt5773172,Mystery
Short,The Veiled,2017,6,tt5779140,Mystery
Movie,Disobeying the Laws of Sky Tyrants,2017,1,tt5777392,Mystery
Movie,Resident Evil: Vendetta,2017,5,tt5776208,Mystery
Movie,Making a Killing,2020,6,tt6116568,Mystery
Short,He Didn't Even Leave a Note,2018,7,tt6125742,Mystery
Short,Nasty,2018,11,tt6131682,Mystery
Movie,Raakshas,2018,2,tt6133484,Mystery
Short,On the Other Side,2018,0,tt6132066,Mystery
Movie,The Black String,2021,1,tt6141334,Mystery
Movie,Distorted,2018,5,tt6143850,Mystery
Movie,Open Wound: The Über-Movie,2018,4,tt6144410,Mystery
Movie,Between the Trees,2019,3,tt6151048,Mystery
Movie,Astro,2018,6,tt6156656,Mystery
Movie,I Think We're Alone Now,2018,9,tt6169694,Mystery
Movie,Unconditional,2018,6,tt6173418,Mystery
Movie,Something,2019,3,tt6185266,Mystery
Movie,La femme la plus assassinée du monde,2018,9,tt6186696,Mystery
Movie,Ghostland,2018,5,tt6195094,Mystery
Movie,Blindsided,2018,1,tt6205658,Mystery
Movie,A Vigilante,2019,3,tt6211976,Mystery
Movie,Apostle,2018,10,tt6217306,Mystery
Movie,Perfect,2019,5,tt6222286,Mystery
Movie,Pledge,2019,4,tt6220752,Mystery
Movie,Boarding School,2018,8,tt6224502,Mystery
Movie,Lampor: Keranda Terbang,2019,10,tt10698426,Mystery
Short,Daddy,2019,2,tt10699198,Mystery
Short,Exile,2019,7,tt10702346,Mystery
Short,A la bibliothèque,2019,5,tt10707200,Mystery
Movie,Afflatus,2019,7,tt10706724,Mystery
Movie,Game Over,2019,7,tt10709060,Mystery
Movie,Anonymous Vol. 1 - The Dreamland Adventures the Mysteries of Atlantis,2020,2,tt12059646,Mystery
Short,Join Us,2020,3,tt12061308,Mystery
Movie,Cecily and Lydia at the Waypoint,2020,12,tt12064142,Mystery
Short,Doris,2020,5,tt12070504,Mystery
Short,COVID-19 ; E.I.N.S.: E.scape I.nto N.ature S.pace,2020,3,tt12076472,Mystery
Short,Shadowed,2020,4,tt12076272,Mystery
Short,Den Japanska Illusionen,2021,0,tt14130708,Mystery
Short,Telestesia,2021,10,tt14143006,Mystery
Short,I Said,2021,2,tt14142872,Mystery
Movie,Bannerghatta,2021,7,tt14142640,Mystery
Short,The Quiet Light of the Midnight Cold,2022,3,tt18569630,Mystery
Short,Desvío,2022,3,tt18570540,Mystery
Short,F,2022,5,tt18573810,Mystery
Short,The Turn Ahead,2022,1,tt18673794,Mystery
Movie,Maksym Osa,2022,10,tt18688348,Mystery
Short,Sight,2023,1,tt27215062,Mystery
Short,Agents of Change: Project Polymer,2023,3,tt27235287,Mystery
Movie,Khitrovka. The Sign of Four,2023,5,tt27241513,Mystery
Short,Sight,2023,1,tt27236215,Mystery
TV Movie,Der Wien-Krimi: Blind ermittelt - Tod an der Donau,2023,4,tt27251096,Mystery
Movie,Marne Ke Dar Se Mere Dil,2023,3,tt27250288,Mystery
Short,Red Wine,2023,11,tt27250168,Mystery
Movie,Magna Lacerta,2023,3,tt27262238,Mystery
