Actor 1,Actor 2,Actor 3,Actor 4,Actor 5,Actor 6,Actor 7,Actor 8,Actor 9,Actor 10,Movie ID
Josh Hartley,Ken Harris,Courtney Jennings,Tommy Lee Thomas,Gus Camacho,Rudy Garcia,Paul Morgan,Julissa Vega,Tiarra Anderson,Kendra Kuhnhofer,tt10709060
Lance Caver,David Christians,Tristan David Luciotti,Sin datos,Sin datos,Sin datos,Sin datos,Sin datos,Sin datos,Sin datos,tt12059646
Daniel Ramsøy,Sin datos,Valentina Botti,Arman Robbani,Sin datos,Sin datos,Sin datos,Sin datos,Sin datos,Sin datos,tt12061308
Calli Ryals,Amber Washington,Sin datos,Sin datos,Sin datos,Sin datos,Sin datos,Sin datos,Sin datos,Sin datos,tt12064142
Nubya Diaz,Princess,Toni Veltcheva,Sin datos,Sin datos,Sin datos,Sin datos,Sin datos,Sin datos,Sin datos,tt12070504
Benedikt Keller,Sin datos,Sin datos,Sin datos,Sin datos,Sin datos,Sin datos,Sin datos,Sin datos,Sin datos,tt12076472
Lotta Losten,David F. Sandberg,Sin datos,Sin datos,Sin datos,Sin datos,Sin datos,Sin datos,Sin datos,Sin datos,tt12076272
Beppe Bargo,Frida Bargo,Dennis Cobélean,Johan Jonason,Sin datos,Sin datos,Sin datos,Sin datos,Sin datos,Sin datos,tt14130708
Milena Rivas,Sin datos,Sin datos,Sin datos,Sin datos,Sin datos,Sin datos,Sin datos,Sin datos,Sin datos,tt14143006
Demetrius Jarmon,Brandi Jay,Porcha Johnson,LaTrece Nicole,Nichelle Paris,Nima Tarahji,Devon Tatum,Sin datos,Sin datos,Sin datos,tt14142872
Karthik Ramakrishnan,Asha Menon,Sin datos,Anoop,Faizal,Hari,Narayanan Kutty,Nadeshan,Master Nivedh,Prakash,tt14142640
Dimitrios Christodoulakis,Jethro Gartrell,Jessica Langdon,Luke Jai McIntosh,Carolena Shaw,Ellien Warden,Sin datos,Sin datos,Sin datos,Sin datos,tt18569630
Emma Julia Brea,Carola De Curtis,Lucia Etcheverry,Sofia Lage Puerta,Lola Rodriguez Salvador,Sin datos,Sin datos,Sin datos,Sin datos,Sin datos,tt18570540
Kevin Lucero Less,Sin datos,Sin datos,Sin datos,Sin datos,Sin datos,Sin datos,Sin datos,Sin datos,Sin datos,tt18573810
Aakanksha Singh,Saurabh Goyal,Jayant Gadekar,Mohit Duseja,Sin datos,Aakash Ahuja,Sin datos,Sin datos,Sin datos,Sin datos,tt18673794
Vasiliy Kukharskiy,Olga Makeeva,Vladimir Yushchenko,Sergey Denga,Volodymyr Hurin,Albina Korzh,Anastasiya Mikhalchyk,Bogdan Benyuk,Mykhailo Illienko,Oleg Primogenov,tt18688348
Sin datos,Sin datos,Sin datos,Sin datos,Sin datos,Sin datos,Sin datos,Sin datos,Sin datos,Sin datos,tt27215062
Shaan Dasani,Rain Valdez,Michael D. Cohen,Gretchen Wylder,Dalila Ali Rajah,Rose Montoya,Sin datos,Sin datos,Sin datos,Sin datos,tt27235287
Konstantin Kryukov,Mikhail Porechenkov,Anfisa Chernykh,Evgeniy Stychkin,Aleksey Vertkov,Aleksandr Oleshko,Boris Kamorzin,Ivan Kolesnikov,Stanislav Eventov,Georgiy Topolaga,tt27241513
Nilesh Brahmbhatt,Anand Savalia,Kumud Sukhadiya,Sin datos,Sin datos,Sin datos,Sin datos,Sin datos,Sin datos,Sin datos,tt27236215
Katharina Behrens,Swintha Gersthofer,Andreas Guenther,Philipp Hochmair,Jaschka Lämmert,Felix Rank,Lukas Walcher,Annalisa Weyel,Sin datos,Sin datos,tt27251096
Priyasha Bhardwaj,Krishnakant Singh Bundela,Sunil Godabole,Sunil Holkar,Rajendra Jadhav,Akshay Tak,Hiten Tejwani,Rupali Wakode,Sin datos,Sin datos,tt27250288
Kurt Benton,Malcolm Harslett,Charlie Herkes,Lilli Rosenberg,Naomi Thompson,Sin datos,Sin datos,Sin datos,Sin datos,Sin datos,tt27250168
Dana Armstrong,Janet Fuller,John Fuller,Ruby Fuller,Brother Ed Jaszkowski,Kevin Lucero Less,Jay Mitchell,Herb O'Young,Adam Schindler,Jacob Schindler,tt27262238
